clip_0017365f5.wav,go
clip_0026d5853.wav,go
clip_005e82173.wav,go
clip_0085b29ae.wav,go
clip_00bf81b35.wav,go
clip_00ca0db68.wav,go
clip_00d43846f.wav,go
clip_00e54aaaa.wav,go
clip_0128ecfcf.wav,go
clip_013ac6281.wav,go
clip_014a30fc0.wav,go
clip_0156fde2a.wav,go
clip_015a873ba.wav,go
clip_016ed2a66.wav,go
clip_01848a8ee.wav,go
clip_01892a298.wav,go
clip_018d0ae38.wav,go
clip_019cecc95.wav,go
clip_01f782a83.wav,go
clip_02331ad54.wav,go
clip_0237a8713.wav,go
clip_0242ca635.wav,go
clip_024a1752b.wav,go
clip_0267e7deb.wav,go
clip_026d19052.wav,go
clip_02741399f.wav,go
clip_0278877bc.wav,go
clip_029736e8e.wav,go
clip_02c7660eb.wav,go
clip_02d7afb7d.wav,go
clip_02dfe0602.wav,go
clip_02ea8f756.wav,go
clip_02f19e12d.wav,go
clip_0315648c4.wav,go
clip_0346535d4.wav,go
clip_034f697d3.wav,go
clip_035daae9e.wav,go
clip_038f5dc36.wav,go
clip_03afa70b7.wav,go
clip_03c5f1a86.wav,go
clip_03d6505dd.wav,go
clip_03e1e6454.wav,go
clip_03e41d568.wav,go
clip_03e9b993f.wav,go
clip_03f424553.wav,go
clip_040b79cfc.wav,go
clip_043196c0d.wav,go
clip_0437e24c5.wav,go
clip_04af284fd.wav,go
clip_04b7ef28f.wav,go
clip_04c4a6a08.wav,go
clip_04d63596b.wav,go
clip_04f45e086.wav,go
clip_0512617df.wav,go
clip_0550edba2.wav,go
clip_0563629cd.wav,go
clip_056fc63da.wav,go
clip_057b3a141.wav,go
clip_0587279a6.wav,go
clip_05a3bfc4a.wav,go
clip_05d0b5eb2.wav,go
clip_05e030985.wav,go
clip_05fe65cf8.wav,go
clip_0608d05eb.wav,go
clip_06486f427.wav,go
clip_066cf1ed0.wav,go
clip_067b7a183.wav,go
clip_067ef89b1.wav,go
clip_067f42f39.wav,go
clip_06892b2dc.wav,go
clip_06aeb869e.wav,go
clip_06be54a64.wav,go
clip_06f2ba071.wav,go
clip_06f320506.wav,go
clip_06fc49e4a.wav,go
clip_070e0656c.wav,go
clip_07957dbf1.wav,go
clip_07c2d49fc.wav,go
clip_07c65ca22.wav,go
clip_07ce961a1.wav,go
clip_07f81dbd1.wav,go
clip_0803a43c1.wav,go
clip_084a3151e.wav,go
clip_085f42935.wav,go
clip_085f913e6.wav,go
clip_0866bf42a.wav,go
clip_08ac29263.wav,go
clip_0944cdf9e.wav,go
clip_095e479e1.wav,go
clip_0960bde0c.wav,go
clip_096b277e2.wav,go
clip_09991dccf.wav,go
clip_099c4eb75.wav,go
clip_09cc6f4ec.wav,go
clip_09e184097.wav,go
clip_0aa877473.wav,go
clip_0aad5d105.wav,go
clip_0ac1aee98.wav,go
clip_0af979013.wav,go
clip_0b04a0f97.wav,go
clip_0b0c05c39.wav,go
clip_0b6ccebcd.wav,go
clip_0b7b3f110.wav,go
clip_0b81a170b.wav,go
clip_0ba025b72.wav,go
clip_0bb8ce164.wav,go
clip_0bbec75b2.wav,go
clip_0bca0aeec.wav,go
clip_0bdc21b55.wav,go
clip_0bff587ce.wav,go
clip_0c06266b0.wav,go
clip_0c25c5fcd.wav,go
clip_0c344b4f3.wav,go
clip_0c3cce643.wav,go
clip_0c6e797ae.wav,go
clip_0cb18579e.wav,go
clip_0ce143b62.wav,go
clip_0cea9e6fb.wav,go
clip_0ceccbe2b.wav,go
clip_0cf00a07f.wav,go
clip_0cf6aa699.wav,go
clip_0d3a2e116.wav,go
clip_0d6f35fcc.wav,go
clip_0d70c8f4f.wav,go
clip_0d99567d8.wav,go
clip_0dab87497.wav,go
clip_0dae55631.wav,go
clip_0dd864afa.wav,go
clip_0ddb3d025.wav,go
clip_0de6b0dda.wav,go
clip_0de8040c1.wav,go
clip_0df82a026.wav,go
clip_0dfed52c4.wav,go
clip_0e0311558.wav,go
clip_0e187753e.wav,go
clip_0e27883e4.wav,go
clip_0e2f444b0.wav,go
clip_0e374b090.wav,go
clip_0e539ffde.wav,go
clip_0e6090d7d.wav,go
clip_0e6abb7c2.wav,go
clip_0e8c52efa.wav,go
clip_0e9e43718.wav,go
clip_0ebbb9a56.wav,go
clip_0ec7ad28c.wav,go
clip_0ee725589.wav,go
clip_0ee9a8dfd.wav,go
clip_0f01ac93d.wav,go
clip_0f2d46350.wav,go
clip_0f33ed232.wav,go
clip_0f45e16df.wav,go
clip_0f60ef39f.wav,go
clip_0fa896c5a.wav,go
clip_0faa2ec75.wav,go
clip_0fb17b4c6.wav,go
clip_0fc2002f7.wav,go
clip_10699ea18.wav,go
clip_107df4260.wav,go
clip_1085e6597.wav,go
clip_10916f2de.wav,go
clip_10a6bef85.wav,go
clip_10c155c6d.wav,go
clip_10c4956f2.wav,go
clip_10d00752e.wav,go
clip_10d62f379.wav,go
clip_10de4bbe7.wav,go
clip_110c2cf5c.wav,go
clip_1189f7c46.wav,go
clip_119804630.wav,go
clip_11a79346a.wav,go
clip_11a9e1565.wav,go
clip_11c98634d.wav,go
clip_11fcfae9d.wav,go
clip_1200d62a4.wav,go
clip_127d29f55.wav,go
clip_129157986.wav,go
clip_12982182b.wav,go
clip_12a048277.wav,go
clip_12d7cdb7d.wav,go
clip_12e6a4ba3.wav,go
clip_131bfd798.wav,go
clip_134d28fe9.wav,go
clip_1351b32ec.wav,go
clip_136b57375.wav,go
clip_137880c2e.wav,go
clip_1399be0de.wav,go
clip_139cf29f2.wav,go
clip_13c488d59.wav,go
clip_13d14f5d0.wav,go
clip_13d907a04.wav,go
clip_13dd73a76.wav,go
clip_13ffdece9.wav,go
clip_14060c644.wav,go
clip_142eb7026.wav,go
clip_1434183f1.wav,go
clip_14a317afb.wav,go
clip_14b772ddd.wav,go
clip_14bab0236.wav,go
clip_14bb95fcc.wav,go
clip_14bf53569.wav,go
clip_14f6072c6.wav,go
clip_1511bbdbf.wav,go
clip_152c69249.wav,go
clip_15330e0fd.wav,go
clip_154fad3ab.wav,go
clip_155aa5b26.wav,go
clip_1570da9df.wav,go
clip_1580d193b.wav,go
clip_158aaf92f.wav,go
clip_158b69120.wav,go
clip_15902a3fc.wav,go
clip_15bed79d5.wav,go
clip_15c679d8a.wav,go
clip_15ebc9bb1.wav,go
clip_15ee3f303.wav,go
clip_15f04643b.wav,go
clip_16164f3f9.wav,go
clip_16289a9f6.wav,go
clip_163738162.wav,go
clip_163c10d4a.wav,go
clip_1651cc04d.wav,go
clip_170917ead.wav,go
clip_1712028a4.wav,go
clip_1712cb76f.wav,go
clip_1751987bd.wav,go
clip_176c25308.wav,go
clip_177d88c46.wav,go
clip_17c774436.wav,go
clip_17daaa7de.wav,go
clip_1871e9997.wav,go
clip_1875cb088.wav,go
clip_1878109c7.wav,go
clip_187bace12.wav,go
clip_18b487764.wav,go
clip_18e06f824.wav,go
clip_1923aa1ef.wav,go
clip_1928da1ec.wav,go
clip_1929089e8.wav,go
clip_1949da8fa.wav,go
clip_194d4599c.wav,go
clip_198022972.wav,go
clip_199022885.wav,go
clip_19be0cff9.wav,go
clip_19d90d7bd.wav,go
clip_19de4c379.wav,go
clip_19f6e9d57.wav,go
clip_1a09cbaac.wav,go
clip_1a25c4ed7.wav,go
clip_1a3ce0be7.wav,go
clip_1a3fd5ff5.wav,go
clip_1a4a08198.wav,go
clip_1a584a8c7.wav,go
clip_1a7dd1513.wav,go
clip_1a8853d46.wav,go
clip_1a8b858ce.wav,go
clip_1abf0ac2e.wav,go
clip_1ad1d4ecd.wav,go
clip_1b14a3988.wav,go
clip_1b1c5f254.wav,go
clip_1b562aa10.wav,go
clip_1b67ec810.wav,go
clip_1b9226259.wav,go
clip_1b99eef2b.wav,go
clip_1ba54c745.wav,go
clip_1be81a3f3.wav,go
clip_1bef13cac.wav,go
clip_1bf97571f.wav,go
clip_1c2ceaee0.wav,go
clip_1c4a20942.wav,go
clip_1c5578584.wav,go
clip_1c7a2b874.wav,go
clip_1ccc8cda1.wav,go
clip_1cd9e6246.wav,go
clip_1d1c1e5af.wav,go
clip_1d35d2983.wav,go
clip_1d548edb9.wav,go
clip_1d5cd12b7.wav,go
clip_1d60767df.wav,go
clip_1d6c64843.wav,go
clip_1d9a7840b.wav,go
clip_1db9e3e7c.wav,go
clip_1dd7f87a4.wav,go
clip_1df3e6f85.wav,go
clip_1e02cbcac.wav,go
clip_1e07ed4f5.wav,go
clip_1e3ea5dee.wav,go
clip_1e45a39dc.wav,go
clip_1e50c9b14.wav,go
clip_1e57e153f.wav,go
clip_1e642ee7f.wav,go
clip_1e7e68975.wav,go
clip_1e92116f8.wav,go
clip_1e96c1842.wav,go
clip_1ea1e4454.wav,go
clip_1edc085a2.wav,go
clip_1ef632813.wav,go
clip_1f1b6c1bd.wav,go
clip_1f1f58664.wav,go
clip_1f386bfa1.wav,go
clip_1f56170a7.wav,go
clip_1f885e81d.wav,go
clip_1f89dda35.wav,go
clip_1f8b1e4ba.wav,go
clip_1f99a59f1.wav,go
clip_1fad88612.wav,go
clip_1fbbaca70.wav,go
clip_1fcfc8338.wav,go
clip_1fd7b6a4d.wav,go
clip_1feb46634.wav,go
clip_2002df0ef.wav,go
clip_202d21b5e.wav,go
clip_203f1316a.wav,go
clip_207497bc7.wav,go
clip_208500fe5.wav,go
clip_208534f36.wav,go
clip_20aad9324.wav,go
clip_20acd603b.wav,go
clip_20bbbed33.wav,go
clip_20c2591ed.wav,go
clip_20c766b45.wav,go
clip_20f3b42b8.wav,go
clip_20f61d04a.wav,go
clip_21037f57f.wav,go
clip_2111b64e9.wav,go
clip_211f34c49.wav,go
clip_2133574fb.wav,go
clip_214dab4bf.wav,go
clip_2175d9c04.wav,go
clip_217f2cf27.wav,go
clip_21bd0b97a.wav,go
clip_21bdf3e1a.wav,go
clip_21e9a54a6.wav,go
clip_21fdd9251.wav,go
clip_22056da1a.wav,go
clip_221883c39.wav,go
clip_222472906.wav,go
clip_222f842c8.wav,go
clip_224f887ac.wav,go
clip_226b534cc.wav,go
clip_226b9e88c.wav,go
clip_228afa4ab.wav,go
clip_230821c8b.wav,go
clip_231c5785f.wav,go
clip_2325c1acf.wav,go
clip_234d415b1.wav,go
clip_2358ed674.wav,go
clip_2377872e9.wav,go
clip_2384920ab.wav,go
clip_23bd329c1.wav,go
clip_23c48d3db.wav,go
clip_23c67f668.wav,go
clip_23cc8b9d9.wav,go
clip_23e7c6080.wav,go
clip_2401c98f3.wav,go
clip_2408e94fb.wav,go
clip_241460fd6.wav,go
clip_241c833aa.wav,go
clip_2422f82ff.wav,go
clip_2470d9aa9.wav,go
clip_2476b46e7.wav,go
clip_2485716e0.wav,go
clip_248c7adf3.wav,go
clip_24a4f0c26.wav,go
clip_24a95224a.wav,go
clip_24bad3652.wav,go
clip_24c0d9eac.wav,go
clip_24f4ec73b.wav,go
clip_250346bd5.wav,go
clip_2534057cb.wav,go
clip_253a5af81.wav,go
clip_25422821e.wav,go
clip_257887f54.wav,go
clip_2579a1ed1.wav,go
clip_2590fb76c.wav,go
clip_25a51cb9e.wav,go
clip_25e88cbd5.wav,go
clip_260671bc6.wav,go
clip_26114f134.wav,go
clip_261cdb308.wav,go
clip_262b272ad.wav,go
clip_26936c117.wav,go
clip_26985e63c.wav,go
clip_26cb743da.wav,go
clip_26d2c6daf.wav,go
clip_26ea76ae4.wav,go
clip_26f0644b4.wav,go
clip_26fb8a393.wav,go
clip_271956756.wav,go
clip_272500d9f.wav,go
clip_273ed37a9.wav,go
clip_2753765a1.wav,go
clip_275832742.wav,go
clip_27783e17c.wav,go
clip_27dde3696.wav,go
clip_27f443804.wav,go
clip_280a6f947.wav,go
clip_2818c4bde.wav,go
clip_2827d580c.wav,go
clip_28317acd6.wav,go
clip_283807b6c.wav,go
clip_284ad49f6.wav,go
clip_285f6cbdf.wav,go
clip_289c99b3d.wav,go
clip_289ec4ae0.wav,go
clip_28a5536b7.wav,go
clip_28d590360.wav,go
clip_28fbd929d.wav,go
clip_2947461b2.wav,go
clip_298accf2b.wav,go
clip_298e67a9c.wav,go
clip_29a4d53f4.wav,go
clip_29ca138a0.wav,go
clip_29f9915df.wav,go
clip_29fae8de0.wav,go
clip_2a1bfe501.wav,go
clip_2a2d1675a.wav,go
clip_2a5dc7a5c.wav,go
clip_2a72ad27d.wav,go
clip_2a77e6f64.wav,go
clip_2a8c810c5.wav,go
clip_2ac267e24.wav,go
clip_2b2a60b77.wav,go
clip_2b2d47c50.wav,go
clip_2b36eeb41.wav,go
clip_2b64e7887.wav,go
clip_2b6d3df7e.wav,go
clip_2b77570d1.wav,go
clip_2b814175e.wav,go
clip_2b9a8019d.wav,go
clip_2b9faa3fb.wav,go
clip_2bb2b6d77.wav,go
clip_2bb832032.wav,go
clip_2beda4b47.wav,go
clip_2bf28b467.wav,go
clip_2c0ce5a8d.wav,go
clip_2c1e6c074.wav,go
clip_2c314e196.wav,go
clip_2c52d2f67.wav,go
clip_2c680ac10.wav,go
clip_2c6c4b278.wav,go
clip_2c834f011.wav,go
clip_2cbdbdb89.wav,go
clip_2cc09d547.wav,go
clip_2d27cf638.wav,go
clip_2d44d999a.wav,go
clip_2d44e5a9b.wav,go
clip_2d54d255f.wav,go
clip_2d72629ad.wav,go
clip_2d74fc742.wav,go
clip_2d7d52710.wav,go
clip_2d7f7b95b.wav,go
clip_2d93abd29.wav,go
clip_2da852ae4.wav,go
clip_2da98f78f.wav,go
clip_2db34972c.wav,go
clip_2def6ee1f.wav,go
clip_2df4aadd0.wav,go
clip_2e444f4d1.wav,go
clip_2e94aba01.wav,go
clip_2ec29794f.wav,go
clip_2eccbe011.wav,go
clip_2ef499a99.wav,go
clip_2f0ec308a.wav,go
clip_2f1ab1ebf.wav,go
clip_2f3597204.wav,go
clip_2f4ff4258.wav,go
clip_2fa0f384a.wav,go
clip_2fad6d54a.wav,go
clip_2fdbc1f64.wav,go
clip_303d22763.wav,go
clip_30629938f.wav,go
clip_3069d0fcb.wav,go
clip_308051f6f.wav,go
clip_3081bc6bf.wav,go
clip_3083823f0.wav,go
clip_30ca9dadb.wav,go
clip_30d056f93.wav,go
clip_3143c7f28.wav,go
clip_31639d941.wav,go
clip_316faefcf.wav,go
clip_318d7c85f.wav,go
clip_31bc9cdfd.wav,go
clip_31c950a18.wav,go
clip_31e383c41.wav,go
clip_31f6a7435.wav,go
clip_32088f095.wav,go
clip_321af84ba.wav,go
clip_324af0ca8.wav,go
clip_326042539.wav,go
clip_326157bd2.wav,go
clip_32e7c0c82.wav,go
clip_33185d161.wav,go
clip_332ae9236.wav,go
clip_339528efc.wav,go
clip_33b57d53a.wav,go
clip_33f3b94a0.wav,go
clip_33f5cb268.wav,go
clip_34146da82.wav,go
clip_344f24fe0.wav,go
clip_34b13f64b.wav,go
clip_34ca3b013.wav,go
clip_352d81467.wav,go
clip_3559135d7.wav,go
clip_356e87af2.wav,go
clip_3571b1a27.wav,go
clip_358c6efcd.wav,go
clip_358f3e90d.wav,go
clip_3599ea587.wav,go
clip_359a364d9.wav,go
clip_35a03c8f5.wav,go
clip_35c4da5b6.wav,go
clip_35fad4a4b.wav,go
clip_35fae3f6b.wav,go
clip_3607a1aac.wav,go
clip_3630b2cfe.wav,go
clip_36495b7c6.wav,go
clip_365ab1dc4.wav,go
clip_3664c34d7.wav,go
clip_36672d944.wav,go
clip_367a8e1c9.wav,go
clip_368004f67.wav,go
clip_36a424c47.wav,go
clip_36e6d8d42.wav,go
clip_36f91b6b6.wav,go
clip_36fdeeb71.wav,go
clip_37077c8e3.wav,go
clip_3709ee6dc.wav,go
clip_375e36c47.wav,go
clip_3768e01e9.wav,go
clip_37c0d60db.wav,go
clip_37f934bf4.wav,go
clip_380263099.wav,go
clip_380467f5a.wav,go
clip_38258f39a.wav,go
clip_385999e73.wav,go
clip_3893ff177.wav,go
clip_38a3bcee0.wav,go
clip_38aa7d153.wav,go
clip_38ad1989a.wav,go
clip_38b912e48.wav,go
clip_38c9ee1d0.wav,go
clip_38ddd2bf4.wav,go
clip_39159dff0.wav,go
clip_393906ea5.wav,go
clip_3940bcf41.wav,go
clip_395e17c20.wav,go
clip_396b871e0.wav,go
clip_39a042752.wav,go
clip_39aa2531c.wav,go
clip_39ba7285b.wav,go
clip_39d1e6cbc.wav,go
clip_39dd4ba8e.wav,go
clip_3a0714b3a.wav,go
clip_3a19fa9a9.wav,go
clip_3a1ddb3e5.wav,go
clip_3a2d8cd93.wav,go
clip_3a6791579.wav,go
clip_3a6807542.wav,go
clip_3aa8683bd.wav,go
clip_3aacf00a9.wav,go
clip_3aad5fc0f.wav,go
clip_3aaede413.wav,go
clip_3aeee0f52.wav,go
clip_3b15ec270.wav,go
clip_3b1a48ce9.wav,go
clip_3b290317c.wav,go
clip_3b3871502.wav,go
clip_3b42ece84.wav,go
clip_3b62a0e36.wav,go
clip_3ba5d9ddd.wav,go
clip_3bac08780.wav,go
clip_3bea6f9e7.wav,go
clip_3c1ef7219.wav,go
clip_3c2069205.wav,go
clip_3c4d072a5.wav,go
clip_3c4fe9c94.wav,go
clip_3c78009a9.wav,go
clip_3cafc7a3d.wav,go
clip_3cb821ffe.wav,go
clip_3cd124b0f.wav,go
clip_3cf2c351c.wav,go
clip_3cf33d28b.wav,go
clip_3d06ccb13.wav,go
clip_3d24503e6.wav,go
clip_3d2e4a1b9.wav,go
clip_3dd2a5239.wav,go
clip_3dd43c37f.wav,go
clip_3e4beb361.wav,go
clip_3e5ffa39a.wav,go
clip_3e7e1788a.wav,go
clip_3e813b994.wav,go
clip_3ef90d2f9.wav,go
clip_3f0e1b967.wav,go
clip_3f4182ddd.wav,go
clip_3fa223fc3.wav,go
clip_3fd861077.wav,go
clip_3fdb640f3.wav,go
clip_3fe835481.wav,go
clip_401d48a41.wav,go
clip_4046b3fa2.wav,go
clip_406370ada.wav,go
clip_40a98197e.wav,go
clip_40d37b618.wav,go
clip_40def00d1.wav,go
clip_411b52bd6.wav,go
clip_411c28046.wav,go
clip_414a82266.wav,go
clip_418e5d4c4.wav,go
clip_41c1da92e.wav,go
clip_41e418c5d.wav,go
clip_4204e1cf0.wav,go
clip_4205ad9ee.wav,go
clip_4217a7945.wav,go
clip_422951f86.wav,go
clip_424b8be65.wav,go
clip_425db8d95.wav,go
clip_4278c1efb.wav,go
clip_42817bace.wav,go
clip_42ec7cdae.wav,go
clip_430341b2e.wav,go
clip_430d00df6.wav,go
clip_4335fb47c.wav,go
clip_433d2eeaf.wav,go
clip_435bf7954.wav,go
clip_43647d702.wav,go
clip_43689589b.wav,go
clip_436ac9d53.wav,go
clip_43f46498c.wav,go
clip_4404c2627.wav,go
clip_441297007.wav,go
clip_44152e33e.wav,go
clip_441bb110f.wav,go
clip_442f28336.wav,go
clip_443967027.wav,go
clip_4458ceb95.wav,go
clip_4469e16c2.wav,go
clip_447925007.wav,go
clip_449c5915e.wav,go
clip_44a61c125.wav,go
clip_44b53fd2d.wav,go
clip_44f63f167.wav,go
clip_450552326.wav,go
clip_453fac266.wav,go
clip_454c8c6b4.wav,go
clip_4556ff1fd.wav,go
clip_456971295.wav,go
clip_458be4dca.wav,go
clip_459e150df.wav,go
clip_45a523543.wav,go
clip_45c76404d.wav,go
clip_45c881994.wav,go
clip_46383a710.wav,go
clip_464960093.wav,go
clip_46503ed85.wav,go
clip_465f1c6de.wav,go
clip_46772f579.wav,go
clip_46b7691a4.wav,go
clip_46e3e8aaf.wav,go
clip_46e95f371.wav,go
clip_46f1902b4.wav,go
clip_471f4502e.wav,go
clip_474c4c3b4.wav,go
clip_475b394c2.wav,go
clip_475df2d51.wav,go
clip_476594037.wav,go
clip_4778e846e.wav,go
clip_47ae3dffa.wav,go
clip_47fd4c2ae.wav,go
clip_48064aa97.wav,go
clip_480f3c28d.wav,go
clip_481d58c4e.wav,go
clip_4839f33dc.wav,go
clip_485fb1532.wav,go
clip_4860e4532.wav,go
clip_487204435.wav,go
clip_487c2a34e.wav,go
clip_489a1161e.wav,go
clip_48a1b2277.wav,go
clip_48b1ad51c.wav,go
clip_48b71f3a8.wav,go
clip_48d5e775f.wav,go
clip_49003a212.wav,go
clip_4907fc3b7.wav,go
clip_490b8c9e1.wav,go
clip_493ea5530.wav,go
clip_4955a011f.wav,go
clip_49573576b.wav,go
clip_497bc49cc.wav,go
clip_498a88867.wav,go
clip_49b14e5aa.wav,go
clip_49b19bb2e.wav,go
clip_49cba3570.wav,go
clip_49e389ff7.wav,go
clip_4a01ff46d.wav,go
clip_4a067cd7a.wav,go
clip_4a1d22491.wav,go
clip_4a2f2defa.wav,go
clip_4a48004e6.wav,go
clip_4a675d748.wav,go
clip_4a8483c42.wav,go
clip_4a9d9d857.wav,go
clip_4aa782e5e.wav,go
clip_4aafd13da.wav,go
clip_4ac1a581b.wav,go
clip_4aceca916.wav,go
clip_4ad7beed8.wav,go
clip_4af6684a9.wav,go
clip_4af6e18f5.wav,go
clip_4b05249dd.wav,go
clip_4b1237a99.wav,go
clip_4b9805ba0.wav,go
clip_4ba31cccb.wav,go
clip_4bafba229.wav,go
clip_4baffd7c5.wav,go
clip_4bc7c0790.wav,go
clip_4bf65b3e0.wav,go
clip_4c084c21f.wav,go
clip_4c2a11a41.wav,go
clip_4c2c154d7.wav,go
clip_4c53d99b4.wav,go
clip_4c77c921d.wav,go
clip_4c8630147.wav,go
clip_4cc0aac04.wav,go
clip_4cc718bee.wav,go
clip_4d18c0477.wav,go
clip_4d3a65186.wav,go
clip_4d4b86b08.wav,go
clip_4d4cc1ad7.wav,go
clip_4d4ff6dfe.wav,go
clip_4d87a93c3.wav,go
clip_4d88f1c4d.wav,go
clip_4d9f7b49d.wav,go
clip_4da01e264.wav,go
clip_4da5fcc42.wav,go
clip_4de38eeec.wav,go
clip_4de5fa9c4.wav,go
clip_4df10837b.wav,go
clip_4e0b5eee7.wav,go
clip_4e0cacb7e.wav,go
clip_4e2c6d5d5.wav,go
clip_4e36dc309.wav,go
clip_4e6d7ca55.wav,go
clip_4e922599f.wav,go
clip_4ea7a79ff.wav,go
clip_4eae0e693.wav,go
clip_4eccfbc52.wav,go
clip_4ed390efe.wav,go
clip_4ed52589a.wav,go
clip_4edd7dcdc.wav,go
clip_4ee2f515c.wav,go
clip_4ee699365.wav,go
clip_4ee84fc19.wav,go
clip_4ee88fd1f.wav,go
clip_4ef6dc73f.wav,go
clip_4f03b9b18.wav,go
clip_4f564b85d.wav,go
clip_4f75f7ea2.wav,go
clip_4f8370235.wav,go
clip_4f9f8aca8.wav,go
clip_4fce223a4.wav,go
clip_4fdcc31db.wav,go
clip_5000b1a73.wav,go
clip_500e445b1.wav,go
clip_500f7deca.wav,go
clip_50a604cab.wav,go
clip_50a825b9c.wav,go
clip_50c9ec70d.wav,go
clip_50ecaf5a1.wav,go
clip_51282654d.wav,go
clip_51329e379.wav,go
clip_5154c5a61.wav,go
clip_515c035fd.wav,go
clip_517d16518.wav,go
clip_51814697a.wav,go
clip_518fac94d.wav,go
clip_51b14cc35.wav,go
clip_51b65ba98.wav,go
clip_51b970512.wav,go
clip_51d09f0c1.wav,go
clip_51d501732.wav,go
clip_52278484a.wav,go
clip_5242724c2.wav,go
clip_52549a8dd.wav,go
clip_52567bc94.wav,go
clip_52719a615.wav,go
clip_527c93b82.wav,go
clip_52a475385.wav,go
clip_52adda236.wav,go
clip_52af535cf.wav,go
clip_52b2979b6.wav,go
clip_52edf5779.wav,go
clip_52fb1eea8.wav,go
clip_530893176.wav,go
clip_53315d69f.wav,go
clip_533538e10.wav,go
clip_533e2782f.wav,go
clip_536e26101.wav,go
clip_5387aca48.wav,go
clip_5398a869f.wav,go
clip_53abcc147.wav,go
clip_53cb7c301.wav,go
clip_53ec79056.wav,go
clip_53ee73427.wav,go
clip_53fb647dc.wav,go
clip_53fef8ca5.wav,go
clip_546299477.wav,go
clip_5466f09ce.wav,go
clip_5473d4038.wav,go
clip_54918860a.wav,go
clip_5497462ea.wav,go
clip_551e7d151.wav,go
clip_5521dc838.wav,go
clip_552a39277.wav,go
clip_552fc588a.wav,go
clip_553764742.wav,go
clip_5539a2059.wav,go
clip_554a53578.wav,go
clip_5571118ff.wav,go
clip_557ceacf8.wav,go
clip_55838b650.wav,go
clip_55a46e977.wav,go
clip_55ec02367.wav,go
clip_56045ffa1.wav,go
clip_561661ac2.wav,go
clip_5633b5529.wav,go
clip_56404c967.wav,go
clip_565dc374d.wav,go
clip_5680e0939.wav,go
clip_56929ccca.wav,go
clip_56a0e2a91.wav,go
clip_56e0dbf5a.wav,go
clip_56f032cd8.wav,go
clip_5706361fb.wav,go
clip_5742ff200.wav,go
clip_57584278b.wav,go
clip_575962ee9.wav,go
clip_57a60c223.wav,go
clip_57bc16cce.wav,go
clip_57f1d98e1.wav,go
clip_580da2add.wav,go
clip_58270bf97.wav,go
clip_5842a9496.wav,go
clip_58557615e.wav,go
clip_5860c28dc.wav,go
clip_5867574d3.wav,go
clip_587caa93b.wav,go
clip_58ca62b8b.wav,go
clip_58edf092a.wav,go
clip_591a9f428.wav,go
clip_593cf7b53.wav,go
clip_5952cc717.wav,go
clip_595a6429c.wav,go
clip_596651360.wav,go
clip_59713c7f4.wav,go
clip_599f1b58b.wav,go
clip_59a736b06.wav,go
clip_59f9215e1.wav,go
clip_5a1507ea0.wav,go
clip_5a27ad78e.wav,go
clip_5a2e4ba05.wav,go
clip_5a3263e5f.wav,go
clip_5a66fbb8d.wav,go
clip_5a7c056c3.wav,go
clip_5aa5df1ba.wav,go
clip_5ad86a415.wav,go
clip_5af70eb50.wav,go
clip_5afc2f2a4.wav,go
clip_5b14e2379.wav,go
clip_5b1a9205f.wav,go
clip_5b2740cf8.wav,go
clip_5b68715bc.wav,go
clip_5b6b9c922.wav,go
clip_5be4e433b.wav,go
clip_5be53456f.wav,go
clip_5c18d934e.wav,go
clip_5c29fb875.wav,go
clip_5c30e6139.wav,go
clip_5c3a86a22.wav,go
clip_5c58c6a92.wav,go
clip_5c85f80c9.wav,go
clip_5c997e483.wav,go
clip_5ca3cb12e.wav,go
clip_5cb91d122.wav,go
clip_5cdb3e1d6.wav,go
clip_5ce440607.wav,go
clip_5cef1a5dc.wav,go
clip_5d02beae8.wav,go
clip_5d20ab11a.wav,go
clip_5d68beb68.wav,go
clip_5d7329baf.wav,go
clip_5d73833de.wav,go
clip_5d7e6ca7a.wav,go
clip_5d7fa35ad.wav,go
clip_5d8019841.wav,go
clip_5d806aa4b.wav,go
clip_5d86a54a1.wav,go
clip_5d8869a63.wav,go
clip_5d939db86.wav,go
clip_5d9457227.wav,go
clip_5de08917c.wav,go
clip_5e1317973.wav,go
clip_5e18268cc.wav,go
clip_5e1ceaae1.wav,go
clip_5e36d3988.wav,go
clip_5e39a02bb.wav,go
clip_5e98f8a92.wav,go
clip_5ea044bd3.wav,go
clip_5eac5e483.wav,go
clip_5eca2a983.wav,go
clip_5ed3f15ad.wav,go
clip_5ef844ce1.wav,go
clip_5f212e441.wav,go
clip_5f22e5e9b.wav,go
clip_5f352ed6e.wav,go
clip_5f3e62b8e.wav,go
clip_5f3fc7335.wav,go
clip_5f43ce86d.wav,go
clip_5f4efb466.wav,go
clip_5f506b9e5.wav,go
clip_5f68e685e.wav,go
clip_5f8efa9ad.wav,go
clip_5f9a20889.wav,go
clip_5ff64dc04.wav,go
clip_600861d97.wav,go
clip_600d567f0.wav,go
clip_60225ab2d.wav,go
clip_602679ec5.wav,go
clip_604d46b5a.wav,go
clip_605c03f9c.wav,go
clip_60786a13d.wav,go
clip_608789a14.wav,go
clip_608ee69ce.wav,go
clip_60b674b2f.wav,go
clip_60c81a0f4.wav,go
clip_60d4236bb.wav,go
clip_60d7ee0c8.wav,go
clip_615512421.wav,go
clip_615dbcc70.wav,go
clip_6161be170.wav,go
clip_616355609.wav,go
clip_61c5cfeb3.wav,go
clip_61fc0f922.wav,go
clip_62062b540.wav,go
clip_6207bc5ae.wav,go
clip_622cd37b2.wav,go
clip_6231c6b3c.wav,go
clip_62357156f.wav,go
clip_623c95b15.wav,go
clip_6244e6dfd.wav,go
clip_624c6e7b5.wav,go
clip_624e66c3a.wav,go
clip_6251946d3.wav,go
clip_625c01a71.wav,go
clip_6274e8df8.wav,go
clip_627e29c20.wav,go
clip_628f219dd.wav,go
clip_629a9e673.wav,go
clip_62b769851.wav,go
clip_62c0adeb2.wav,go
clip_62fc78a0d.wav,go
clip_632a297a2.wav,go
clip_63309f100.wav,go
clip_633f7272c.wav,go
clip_6344fb9fc.wav,go
clip_6362453ac.wav,go
clip_63761abef.wav,go
clip_6382332b2.wav,go
clip_638cddd54.wav,go
clip_63bfd4cf0.wav,go
clip_63d2b21c8.wav,go
clip_6413c4f1e.wav,go
clip_642f13edc.wav,go
clip_643fa2388.wav,go
clip_644088fbc.wav,go
clip_6443993bf.wav,go
clip_6460df1b4.wav,go
clip_648a4e785.wav,go
clip_649b512d9.wav,go
clip_64dc96af8.wav,go
clip_64e86088c.wav,go
clip_651833ae5.wav,go
clip_652f0ae68.wav,go
clip_655654854.wav,go
clip_6560deb43.wav,go
clip_656c70a0e.wav,go
clip_656f05d1d.wav,go
clip_658e0957a.wav,go
clip_659be71cf.wav,go
clip_65a5e9992.wav,go
clip_6604eda5e.wav,go
clip_66064f018.wav,go
clip_6627e7a95.wav,go
clip_663bc9eac.wav,go
clip_664e5b426.wav,go
clip_665cd9d1a.wav,go
clip_66821312f.wav,go
clip_6682ae114.wav,go
clip_66d3871b5.wav,go
clip_67042a668.wav,go
clip_673f3e217.wav,go
clip_6761d3efb.wav,go
clip_679a34b4b.wav,go
clip_67b31ff93.wav,go
clip_67b3d45fd.wav,go
clip_67c78de6f.wav,go
clip_67d9448e9.wav,go
clip_680c23cab.wav,go
clip_6822b1407.wav,go
clip_6833fe9d8.wav,go
clip_6888ca376.wav,go
clip_68cf07bbb.wav,go
clip_68d3da650.wav,go
clip_68de157d3.wav,go
clip_68fbb892c.wav,go
clip_693d8ab97.wav,go
clip_6974b43c0.wav,go
clip_697e0f192.wav,go
clip_69990111e.wav,go
clip_69a37a628.wav,go
clip_69b64c0c6.wav,go
clip_69d54006a.wav,go
clip_69dd352e5.wav,go
clip_6a1ab9a0a.wav,go
clip_6a545c5a5.wav,go
clip_6a55dfa43.wav,go
clip_6a56fdc6b.wav,go
clip_6a58c26a9.wav,go
clip_6a69b0b70.wav,go
clip_6a723c8d9.wav,go
clip_6a847615e.wav,go
clip_6a962994a.wav,go
clip_6aa7b7c5b.wav,go
clip_6ab130ed1.wav,go
clip_6ab64d596.wav,go
clip_6abc4ceda.wav,go
clip_6ad1857fc.wav,go
clip_6ad6b6608.wav,go
clip_6af1578ec.wav,go
clip_6b22df8d9.wav,go
clip_6b32f91cf.wav,go
clip_6b647a7cc.wav,go
clip_6b6d91a0c.wav,go
clip_6ba8bf5bb.wav,go
clip_6bd2433a0.wav,go
clip_6bf40cd37.wav,go
clip_6c289810f.wav,go
clip_6c2c30809.wav,go
clip_6c41a686b.wav,go
clip_6c71b29e1.wav,go
clip_6c8417f84.wav,go
clip_6c9949d74.wav,go
clip_6cb1fb88b.wav,go
clip_6cca46700.wav,go
clip_6cd442f67.wav,go
clip_6ce73858d.wav,go
clip_6cecfeceb.wav,go
clip_6cf55a6c0.wav,go
clip_6cf59fa1e.wav,go
clip_6d55f5a69.wav,go
clip_6d5f5c03a.wav,go
clip_6da62665d.wav,go
clip_6dab63d41.wav,go
clip_6db6cafcb.wav,go
clip_6dbfc91a5.wav,go
clip_6e1514896.wav,go
clip_6e21f7d6d.wav,go
clip_6e34f5a9a.wav,go
clip_6e667be98.wav,go
clip_6e6ef7fa9.wav,go
clip_6eb2b1f0f.wav,go
clip_6eb37f6ae.wav,go
clip_6eec26a7b.wav,go
clip_6f0a9d6e7.wav,go
clip_6f4ee2e46.wav,go
clip_6f7711d07.wav,go
clip_6f7e02219.wav,go
clip_6f7f347f3.wav,go
clip_6f9fb7e8c.wav,go
clip_6fb0f645a.wav,go
clip_703cf8615.wav,go
clip_704aaf8ff.wav,go
clip_706b9b4aa.wav,go
clip_70bc957c5.wav,go
clip_70c1af616.wav,go
clip_70cb54337.wav,go
clip_70e0edede.wav,go
clip_70ede306e.wav,go
clip_70f19b701.wav,go
clip_70f616b63.wav,go
clip_71081a591.wav,go
clip_71270e73b.wav,go
clip_71627bbe3.wav,go
clip_717a99cf2.wav,go
clip_718eaa3a2.wav,go
clip_7198bede1.wav,go
clip_71a285ba6.wav,go
clip_71dcc9ce2.wav,go
clip_71ef362c4.wav,go
clip_7240c10db.wav,go
clip_725996bf7.wav,go
clip_725ff6270.wav,go
clip_7279f1c7b.wav,go
clip_7279f3a8f.wav,go
clip_7290e0bf5.wav,go
clip_72b8f90a0.wav,go
clip_72bd95fee.wav,go
clip_72da3bfaa.wav,go
clip_72e4c67ea.wav,go
clip_731c80c58.wav,go
clip_733e20626.wav,go
clip_7350dc9ed.wav,go
clip_7363c7b71.wav,go
clip_736f91b22.wav,go
clip_738336d8f.wav,go
clip_73e8bb94e.wav,go
clip_740d533c1.wav,go
clip_74606de5b.wav,go
clip_7473550e6.wav,go
clip_7481df9fc.wav,go
clip_749e812df.wav,go
clip_74bb299e8.wav,go
clip_74bf3edd4.wav,go
clip_74c133122.wav,go
clip_74dae95a5.wav,go
clip_74e05ccf1.wav,go
clip_74eb52858.wav,go
clip_74eeed4ba.wav,go
clip_7528250b4.wav,go
clip_752cc14f3.wav,go
clip_753b29da5.wav,go
clip_75464c206.wav,go
clip_754efcc6f.wav,go
clip_7553f71a3.wav,go
clip_756b96b8a.wav,go
clip_756d172e2.wav,go
clip_7574c8d7b.wav,go
clip_7574d8828.wav,go
clip_75ad7fc9b.wav,go
clip_75bd2cb4c.wav,go
clip_75bdbd9c1.wav,go
clip_75be3397c.wav,go
clip_75c4243d8.wav,go
clip_75d8da2b1.wav,go
clip_75f2ab103.wav,go
clip_761d109d1.wav,go
clip_763170e7a.wav,go
clip_763baffbd.wav,go
clip_76792e841.wav,go
clip_769ce0a0b.wav,go
clip_76a3364f1.wav,go
clip_76be02c40.wav,go
clip_76c6e2206.wav,go
clip_76ee56af8.wav,go
clip_76f5e7294.wav,go
clip_7771588a2.wav,go
clip_7791d5f75.wav,go
clip_77b57625a.wav,go
clip_77b792a16.wav,go
clip_77cad87bd.wav,go
clip_783fbb4b9.wav,go
clip_7866f13ff.wav,go
clip_78d3d8b84.wav,go
clip_78fc4958d.wav,go
clip_7930d2a5e.wav,go
clip_79466daba.wav,go
clip_794c0692f.wav,go
clip_796ce0f38.wav,go
clip_797d18f07.wav,go
clip_799683b96.wav,go
clip_799b4691e.wav,go
clip_79b29e046.wav,go
clip_79bc3a4e9.wav,go
clip_79ca31a2f.wav,go
clip_79cce3341.wav,go
clip_7a00f7ecb.wav,go
clip_7a3f195ee.wav,go
clip_7a985de5a.wav,go
clip_7b03c5e6e.wav,go
clip_7b06f3fc0.wav,go
clip_7b0e9dcaf.wav,go
clip_7b59a7418.wav,go
clip_7b5c2bfe3.wav,go
clip_7b67305ce.wav,go
clip_7b739c6b7.wav,go
clip_7ba92cf53.wav,go
clip_7badf11d6.wav,go
clip_7bcea37d9.wav,go
clip_7bdd85b89.wav,go
clip_7bddced32.wav,go
clip_7bed3dfe6.wav,go
clip_7bf159f48.wav,go
clip_7bfbff314.wav,go
clip_7c2a06859.wav,go
clip_7c305c78e.wav,go
clip_7c51e86d0.wav,go
clip_7c53bac2d.wav,go
clip_7c75d6811.wav,go
clip_7ca786bd8.wav,go
clip_7cb39425e.wav,go
clip_7ce1a00dc.wav,go
clip_7ce8fd19a.wav,go
clip_7d1401367.wav,go
clip_7d23475cf.wav,go
clip_7d39d2b11.wav,go
clip_7d3bf467e.wav,go
clip_7d3fbcd18.wav,go
clip_7d48e4d33.wav,go
clip_7d603d774.wav,go
clip_7d7a29db1.wav,go
clip_7da6f07e5.wav,go
clip_7da7cb29b.wav,go
clip_7db16120e.wav,go
clip_7dedf3b88.wav,go
clip_7e0d9189b.wav,go
clip_7e375d1db.wav,go
clip_7e3e6a2f7.wav,go
clip_7e46670d8.wav,go
clip_7e54ef91f.wav,go
clip_7e5dbd2dd.wav,go
clip_7e67b0d84.wav,go
clip_7e695c08c.wav,go
clip_7e7f7b6df.wav,go
clip_7eed917f7.wav,go
clip_7f3e081f2.wav,go
clip_7f4d0890b.wav,go
clip_7f945cfeb.wav,go
clip_7fbe42ea7.wav,go
clip_7fff442ee.wav,go
clip_80374b45a.wav,go
clip_804236923.wav,go
clip_80629f54b.wav,go
clip_808bc3030.wav,go
clip_80d2ac492.wav,go
clip_80efd370e.wav,go
clip_81088c30d.wav,go
clip_812b0cb69.wav,go
clip_815b6ec15.wav,go
clip_8166847b6.wav,go
clip_816d0ec71.wav,go
clip_8191b3bb4.wav,go
clip_81b36ebc2.wav,go
clip_81b45c43e.wav,go
clip_81c522a9a.wav,go
clip_81d3341aa.wav,go
clip_81ff47d73.wav,go
clip_822bc18d3.wav,go
clip_823331c2a.wav,go
clip_823a9e898.wav,go
clip_825060827.wav,go
clip_8279f2516.wav,go
clip_8293bb4f4.wav,go
clip_82b4d8d25.wav,go
clip_82fc7863d.wav,go
clip_82fc78686.wav,go
clip_830312a06.wav,go
clip_8303a9624.wav,go
clip_83228f9f2.wav,go
clip_8322b3028.wav,go
clip_8338fa6e7.wav,go
clip_8353d4b48.wav,go
clip_836565bb4.wav,go
clip_83766e96f.wav,go
clip_83a575556.wav,go
clip_83b050d6c.wav,go
clip_83b946a47.wav,go
clip_83e76c34b.wav,go
clip_84a26fc3a.wav,go
clip_84aab333e.wav,go
clip_84beb9db7.wav,go
clip_84e5a8c54.wav,go
clip_850d86612.wav,go
clip_8518667e2.wav,go
clip_852085b7b.wav,go
clip_853fdd42a.wav,go
clip_8554d9906.wav,go
clip_857da775f.wav,go
clip_85a8e78e6.wav,go
clip_85d1cb357.wav,go
clip_865b7df9c.wav,go
clip_86b8d577a.wav,go
clip_86bceb460.wav,go
clip_86eeca22a.wav,go
clip_86fbe2f49.wav,go
clip_871341ebe.wav,go
clip_8758f94e7.wav,go
clip_87719f139.wav,go
clip_8787b9a2e.wav,go
clip_878ccd19f.wav,go
clip_87b0ebf2d.wav,go
clip_87d1569f5.wav,go
clip_87d6d5dde.wav,go
clip_87da2a051.wav,go
clip_87fb4eade.wav,go
clip_88063958f.wav,go
clip_8831e3c6b.wav,go
clip_88443cad4.wav,go
clip_886c771ec.wav,go
clip_8881fb596.wav,go
clip_88cff9741.wav,go
clip_88d1f696e.wav,go
clip_88e688c61.wav,go
clip_89192c93d.wav,go
clip_892d20d15.wav,go
clip_89536488a.wav,go
clip_895b160c1.wav,go
clip_898e9dce4.wav,go
clip_899a8d4c3.wav,go
clip_89a40df76.wav,go
clip_89b1d380d.wav,go
clip_89c028a88.wav,go
clip_8a00aa77e.wav,go
clip_8a17f8954.wav,go
clip_8a1a5c9ca.wav,go
clip_8a37702a7.wav,go
clip_8a3abd679.wav,go
clip_8a6ca1750.wav,go
clip_8a70fdc26.wav,go
clip_8a76f683a.wav,go
clip_8a7f16499.wav,go
clip_8a8db6f05.wav,go
clip_8a92711c0.wav,go
clip_8b2e9c125.wav,go
clip_8b4f0f14b.wav,go
clip_8b8c54432.wav,go
clip_8b8cd25e6.wav,go
clip_8b91ed4a7.wav,go
clip_8ba295df1.wav,go
clip_8bc848449.wav,go
clip_8bcd3e722.wav,go
clip_8bcd98fb1.wav,go
clip_8bd10d52f.wav,go
clip_8bde8583d.wav,go
clip_8c137b504.wav,go
clip_8c45b5156.wav,go
clip_8c5a8394e.wav,go
clip_8c668fa54.wav,go
clip_8c8d20cf8.wav,go
clip_8c9adab13.wav,go
clip_8cc7d9844.wav,go
clip_8cd105ad0.wav,go
clip_8cdc8b442.wav,go
clip_8cea3151d.wav,go
clip_8cfb0ff9f.wav,go
clip_8d23537d7.wav,go
clip_8d61f1a8e.wav,go
clip_8dcb795d9.wav,go
clip_8dd0b25c6.wav,go
clip_8ddbb4936.wav,go
clip_8de81c09d.wav,go
clip_8e03e8b37.wav,go
clip_8e133bd19.wav,go
clip_8e3061459.wav,go
clip_8e342c49c.wav,go
clip_8e53785b1.wav,go
clip_8e55c75fd.wav,go
clip_8e6a82e1c.wav,go
clip_8e733a3bd.wav,go
clip_8e769dec9.wav,go
clip_8e774c31d.wav,go
clip_8e7d59273.wav,go
clip_8e977b7d1.wav,go
clip_8eb583ebe.wav,go
clip_8ec02589a.wav,go
clip_8ed7942be.wav,go
clip_8ef959813.wav,go
clip_8f090cdfe.wav,go
clip_8f2036112.wav,go
clip_8f2042501.wav,go
clip_8f4683770.wav,go
clip_8f4790e9f.wav,go
clip_8f4a5cf10.wav,go
clip_8f6a675ee.wav,go
clip_8f78b8e60.wav,go
clip_8f8ed0330.wav,go
clip_8f90390d1.wav,go
clip_8fc5d7b5c.wav,go
clip_8fcecee87.wav,go
clip_8fdefbf7d.wav,go
clip_9020b159b.wav,go
clip_90356f817.wav,go
clip_903616c1f.wav,go
clip_9037ff0f7.wav,go
clip_903d12432.wav,go
clip_90415958d.wav,go
clip_9045ad6bd.wav,go
clip_90676ac40.wav,go
clip_9068d5955.wav,go
clip_90698ef2a.wav,go
clip_906ea4fb7.wav,go
clip_907a7c8b2.wav,go
clip_908434c0c.wav,go
clip_909c7e5bd.wav,go
clip_90c228768.wav,go
clip_90c77257b.wav,go
clip_910ce7178.wav,go
clip_9135fd613.wav,go
clip_91b44a909.wav,go
clip_91d633243.wav,go
clip_91e40a84b.wav,go
clip_91ed4ea7c.wav,go
clip_9201fa387.wav,go
clip_921b35ded.wav,go
clip_921fccdd9.wav,go
clip_92237e677.wav,go
clip_9227e7d2f.wav,go
clip_924391425.wav,go
clip_92dc2cbe9.wav,go
clip_92e6e6ef4.wav,go
clip_932933499.wav,go
clip_9329e9850.wav,go
clip_9357a2bcc.wav,go
clip_93652aedd.wav,go
clip_93b433e31.wav,go
clip_93bd35d9b.wav,go
clip_9400f8ab9.wav,go
clip_942e6ffd4.wav,go
clip_942ff44a6.wav,go
clip_943b60b35.wav,go
clip_9446814ca.wav,go
clip_9490fc965.wav,go
clip_94f467520.wav,go
clip_94f55cdd1.wav,go
clip_951311fda.wav,go
clip_954108dda.wav,go
clip_954bd3df4.wav,go
clip_956646f92.wav,go
clip_9591eb2a9.wav,go
clip_959fb6cde.wav,go
clip_95a74b442.wav,go
clip_95bc18012.wav,go
clip_95d84e9f7.wav,go
clip_95e2ea7a8.wav,go
clip_960894e4f.wav,go
clip_96223529e.wav,go
clip_9628fd33f.wav,go
clip_963731827.wav,go
clip_963be0720.wav,go
clip_968c53505.wav,go
clip_96a103515.wav,go
clip_96ae3624b.wav,go
clip_96bfd9df6.wav,go
clip_96d37b35d.wav,go
clip_96e61dc4c.wav,go
clip_96ee4f44a.wav,go
clip_96f9b30cc.wav,go
clip_972e3ce72.wav,go
clip_9732f9fcc.wav,go
clip_977d0ddf2.wav,go
clip_979e8e805.wav,go
clip_97a4d8154.wav,go
clip_981ef9839.wav,go
clip_981fedc78.wav,go
clip_98424c440.wav,go
clip_984fb48b1.wav,go
clip_985e7d186.wav,go
clip_9886049d1.wav,go
clip_988960825.wav,go
clip_988d44fcf.wav,go
clip_989bec55a.wav,go
clip_98aabed4f.wav,go
clip_98de502c2.wav,go
clip_98e393fd3.wav,go
clip_98f3bb267.wav,go
clip_98f61eadc.wav,go
clip_99014cfdb.wav,go
clip_9912395fd.wav,go
clip_992399658.wav,go
clip_992789847.wav,go
clip_993145369.wav,go
clip_996bf0d42.wav,go
clip_9978afa53.wav,go
clip_99841f5f8.wav,go
clip_99adc13f4.wav,go
clip_99c26db2f.wav,go
clip_99cf928c6.wav,go
clip_99d4b60c9.wav,go
clip_99e91d64a.wav,go
clip_99eb5a883.wav,go
clip_99ecaef27.wav,go
clip_99ed2d803.wav,go
clip_99f0e1c48.wav,go
clip_99f410f19.wav,go
clip_9a1b91ef8.wav,go
clip_9a6759f37.wav,go
clip_9a6d2aa9c.wav,go
clip_9ad9154c9.wav,go
clip_9af2c6880.wav,go
clip_9af9debb9.wav,go
clip_9b019155a.wav,go
clip_9b186c7d5.wav,go
clip_9b208028e.wav,go
clip_9b4c34792.wav,go
clip_9b5cbdf67.wav,go
clip_9b63b162a.wav,go
clip_9b6925c2b.wav,go
clip_9b6ef8172.wav,go
clip_9bb723db9.wav,go
clip_9bcbc43b0.wav,go
clip_9befdbbae.wav,go
clip_9c27e1da8.wav,go
clip_9c694dc87.wav,go
clip_9c7b703d7.wav,go
clip_9c9ef6aac.wav,go
clip_9cb452a92.wav,go
clip_9d29c5014.wav,go
clip_9d37777fe.wav,go
clip_9d5a7c26f.wav,go
clip_9d6a9d781.wav,go
clip_9d6f1b200.wav,go
clip_9d95f697c.wav,go
clip_9d97c8fe4.wav,go
clip_9dacbeae2.wav,go
clip_9de8e4ceb.wav,go
clip_9defe6996.wav,go
clip_9e04ccfa3.wav,go
clip_9e1ab04f4.wav,go
clip_9e3b99f0a.wav,go
clip_9e425c665.wav,go
clip_9e5225262.wav,go
clip_9e5c86a18.wav,go
clip_9e7a96d20.wav,go
clip_9e92bebb5.wav,go
clip_9e97dab99.wav,go
clip_9e9a2c132.wav,go
clip_9ec4671d3.wav,go
clip_9ec5c1157.wav,go
clip_9ece29b68.wav,go
clip_9edffb946.wav,go
clip_9ee67e44b.wav,go
clip_9f3fdbbc0.wav,go
clip_9f47dbbcd.wav,go
clip_9f48908d3.wav,go
clip_9f720429c.wav,go
clip_9fa656a29.wav,go
clip_9fa807719.wav,go
clip_9fcec40d8.wav,go
clip_9ff9f66ed.wav,go
clip_9fff731ee.wav,go
clip_a028252fe.wav,go
clip_a02c41cdd.wav,go
clip_a037a720b.wav,go
clip_a0585326f.wav,go
clip_a0663f92e.wav,go
clip_a0a750e4e.wav,go
clip_a0b136814.wav,go
clip_a0c26c60c.wav,go
clip_a0d5df074.wav,go
clip_a0d9c8336.wav,go
clip_a0e8393da.wav,go
clip_a0e9750cb.wav,go
clip_a121f7774.wav,go
clip_a13cfa9e1.wav,go
clip_a1921d98a.wav,go
clip_a200cca45.wav,go
clip_a21b4dee1.wav,go
clip_a28542955.wav,go
clip_a2874bc36.wav,go
clip_a2a327456.wav,go
clip_a2b801ac0.wav,go
clip_a2d6f8c4f.wav,go
clip_a31cf5846.wav,go
clip_a328da63d.wav,go
clip_a35106c44.wav,go
clip_a3730395f.wav,go
clip_a37a0e133.wav,go
clip_a397ccbcb.wav,go
clip_a39cf5a29.wav,go
clip_a3a671a59.wav,go
clip_a3b359e98.wav,go
clip_a3ba66f3f.wav,go
clip_a3bc2cd98.wav,go
clip_a3d741b66.wav,go
clip_a4002785e.wav,go
clip_a416596e6.wav,go
clip_a41e42b77.wav,go
clip_a42c7c053.wav,go
clip_a484a2f9f.wav,go
clip_a48aab14f.wav,go
clip_a4bc7e740.wav,go
clip_a4e85dee6.wav,go
clip_a4e8eb334.wav,go
clip_a539353f0.wav,go
clip_a53bb06fa.wav,go
clip_a548521bf.wav,go
clip_a54cafd5c.wav,go
clip_a5605235b.wav,go
clip_a583df761.wav,go
clip_a58db119e.wav,go
clip_a593aeb05.wav,go
clip_a5a17ae9b.wav,go
clip_a5a631282.wav,go
clip_a5a6c9401.wav,go
clip_a5cea6d11.wav,go
clip_a5edddf6e.wav,go
clip_a61f872ad.wav,go
clip_a6284cb65.wav,go
clip_a62a2f3d1.wav,go
clip_a63592b6e.wav,go
clip_a640727a7.wav,go
clip_a6a53438f.wav,go
clip_a712d15df.wav,go
clip_a7159d634.wav,go
clip_a75bfc69f.wav,go
clip_a76a12124.wav,go
clip_a76e36000.wav,go
clip_a7754f413.wav,go
clip_a7b0c6916.wav,go
clip_a7c132fe5.wav,go
clip_a7cdc47b2.wav,go
clip_a7dc1985e.wav,go
clip_a81bad399.wav,go
clip_a84b19678.wav,go
clip_a869725b9.wav,go
clip_a86bb9a25.wav,go
clip_a87f2837b.wav,go
clip_a8e63484c.wav,go
clip_a8f5fff21.wav,go
clip_a8f825f60.wav,go
clip_a8ff36b75.wav,go
clip_a911db8e3.wav,go
clip_a92657e39.wav,go
clip_a94ccfc5b.wav,go
clip_a968b43c7.wav,go
clip_a9861f953.wav,go
clip_a9913c443.wav,go
clip_a99bb241c.wav,go
clip_a9a219a02.wav,go
clip_a9b504c76.wav,go
clip_a9d0f8a17.wav,go
clip_a9fe0e93c.wav,go
clip_aa11f9bf8.wav,go
clip_aa2ea50a3.wav,go
clip_aa37d2d5b.wav,go
clip_aa6ce6da3.wav,go
clip_aa7f918c6.wav,go
clip_aac6462b8.wav,go
clip_aac8837d4.wav,go
clip_ab0b4e805.wav,go
clip_ab51dcaa7.wav,go
clip_ab6ec7a4d.wav,go
clip_ab8fecca6.wav,go
clip_abf9bdaad.wav,go
clip_ac1bac9cb.wav,go
clip_ac28f2ee6.wav,go
clip_ac3655253.wav,go
clip_ac474b5b5.wav,go
clip_ac6606114.wav,go
clip_ac7c18769.wav,go
clip_ac8f25e2c.wav,go
clip_aca1ef15a.wav,go
clip_acbfec8ab.wav,go
clip_ad5d9b9e7.wav,go
clip_ad5e4c2f5.wav,go
clip_adacea479.wav,go
clip_adc51f6f5.wav,go
clip_adde69d9e.wav,go
clip_ae06ed96a.wav,go
clip_ae337aadc.wav,go
clip_ae470d825.wav,go
clip_ae4a14e50.wav,go
clip_ae88ee225.wav,go
clip_ae9ff9425.wav,go
clip_aecb97014.wav,go
clip_aecc6473a.wav,go
clip_af01b90b4.wav,go
clip_af01e2786.wav,go
clip_af0c162e7.wav,go
clip_af23ba370.wav,go
clip_af26aa257.wav,go
clip_af2cc50c7.wav,go
clip_af3d00f3b.wav,go
clip_af4760a4d.wav,go
clip_af481e5fe.wav,go
clip_af4e24501.wav,go
clip_af80c5efd.wav,go
clip_af83425ad.wav,go
clip_af9cc26a4.wav,go
clip_af9dd4f69.wav,go
clip_afa5d7e55.wav,go
clip_afabd746e.wav,go
clip_afacccc9a.wav,go
clip_afe7ab6a3.wav,go
clip_afea5a645.wav,go
clip_b05b2c136.wav,go
clip_b06863b6a.wav,go
clip_b068f0407.wav,go
clip_b069425db.wav,go
clip_b0ae0351a.wav,go
clip_b0d59cd73.wav,go
clip_b0f0a2181.wav,go
clip_b0fc1f3d2.wav,go
clip_b11e6aa5b.wav,go
clip_b12a386d6.wav,go
clip_b166f48a7.wav,go
clip_b1bcb0969.wav,go
clip_b1fbd01dc.wav,go
clip_b20069b0d.wav,go
clip_b20643b68.wav,go
clip_b21324106.wav,go
clip_b23599f06.wav,go
clip_b247cb875.wav,go
clip_b27bd1e8c.wav,go
clip_b2aad3b61.wav,go
clip_b2d085609.wav,go
clip_b2d601a88.wav,go
clip_b301b05aa.wav,go
clip_b312b8437.wav,go
clip_b31b87283.wav,go
clip_b3224a6ae.wav,go
clip_b34ba8ed7.wav,go
clip_b35e35cca.wav,go
clip_b37cda169.wav,go
clip_b37d0bdd9.wav,go
clip_b38cb97c9.wav,go
clip_b3c8bfda1.wav,go
clip_b44cc2884.wav,go
clip_b45398ffb.wav,go
clip_b47d72358.wav,go
clip_b48f7834d.wav,go
clip_b4c39a8ae.wav,go
clip_b4f712a8c.wav,go
clip_b4fa7664b.wav,go
clip_b550fbf65.wav,go
clip_b59f5f835.wav,go
clip_b59f69367.wav,go
clip_b5a81b58e.wav,go
clip_b5b0f1ccd.wav,go
clip_b5d43eedb.wav,go
clip_b5eb288f8.wav,go
clip_b60ed3e6d.wav,go
clip_b65c348ac.wav,go
clip_b668cfbe4.wav,go
clip_b67357e1a.wav,go
clip_b6883a830.wav,go
clip_b690c6946.wav,go
clip_b69adeed6.wav,go
clip_b6d3eda12.wav,go
clip_b6f297e9f.wav,go
clip_b6ffabbc9.wav,go
clip_b733053c0.wav,go
clip_b747b9eab.wav,go
clip_b7621f530.wav,go
clip_b76ba9928.wav,go
clip_b79161d11.wav,go
clip_b792200e2.wav,go
clip_b794c5421.wav,go
clip_b815d871b.wav,go
clip_b81dfe2b0.wav,go
clip_b82653d05.wav,go
clip_b8378f98e.wav,go
clip_b83ca8b7d.wav,go
clip_b8a56e79a.wav,go
clip_b8ce9ead8.wav,go
clip_b8edff646.wav,go
clip_b925117db.wav,go
clip_b92b999af.wav,go
clip_b97377a16.wav,go
clip_b9805bf8d.wav,go
clip_b98e257be.wav,go
clip_b99f0a13b.wav,go
clip_b9b7a10ac.wav,go
clip_b9b7e9e19.wav,go
clip_b9c9ba227.wav,go
clip_ba76414ba.wav,go
clip_ba7a85a33.wav,go
clip_ba8d75c6b.wav,go
clip_ba977a137.wav,go
clip_ba9b07ead.wav,go
clip_bac2340a8.wav,go
clip_bacca773a.wav,go
clip_baf0c3e65.wav,go
clip_bafc91f37.wav,go
clip_bb2168fce.wav,go
clip_bb5b66ceb.wav,go
clip_bbbed636f.wav,go
clip_bbbef29b9.wav,go
clip_bbdaed72b.wav,go
clip_bbdc70057.wav,go
clip_bbe6e1b44.wav,go
clip_bbf93767d.wav,go
clip_bc0bf4936.wav,go
clip_bc1826f3a.wav,go
clip_bc890b148.wav,go
clip_bc9a23632.wav,go
clip_bcabc9356.wav,go
clip_bcc143a00.wav,go
clip_bd00557cb.wav,go
clip_bd17c567f.wav,go
clip_bd4851edb.wav,go
clip_bd4945513.wav,go
clip_bd7ef3031.wav,go
clip_bd9f5bc21.wav,go
clip_bdbe373e0.wav,go
clip_bdeb77dab.wav,go
clip_bdfaf4e33.wav,go
clip_bdfcacb9c.wav,go
clip_be0393fde.wav,go
clip_be10ac2da.wav,go
clip_be4120f51.wav,go
clip_be41d784c.wav,go
clip_be50756a9.wav,go
clip_be52501ca.wav,go
clip_be6c510fa.wav,go
clip_be7f7bf5e.wav,go
clip_be9be954a.wav,go
clip_bec49b045.wav,go
clip_bece9ed39.wav,go
clip_bee175e0d.wav,go
clip_beef00d08.wav,go
clip_bf21cb64a.wav,go
clip_bfd7b57fe.wav,go
clip_bfdb0549c.wav,go
clip_bfdd50efe.wav,go
clip_c0015c7f3.wav,go
clip_c04d573dc.wav,go
clip_c09109d1d.wav,go
clip_c094f9a3d.wav,go
clip_c095a946f.wav,go
clip_c0ab72b7f.wav,go
clip_c0d807ba5.wav,go
clip_c0f6fb292.wav,go
clip_c118ca274.wav,go
clip_c123939c2.wav,go
clip_c127145f5.wav,go
clip_c15c51c20.wav,go
clip_c1663e6b4.wav,go
clip_c1767e15b.wav,go
clip_c1887a2b9.wav,go
clip_c1a650b82.wav,go
clip_c1b532423.wav,go
clip_c1c4ed9ca.wav,go
clip_c1fa7d91f.wav,go
clip_c22ec0ce2.wav,go
clip_c25b5e113.wav,go
clip_c2862bd6b.wav,go
clip_c28ea6c58.wav,go
clip_c2921061e.wav,go
clip_c2c094ec3.wav,go
clip_c2eac71f2.wav,go
clip_c2ec90d01.wav,go
clip_c2f69b0ce.wav,go
clip_c2fe466b0.wav,go
clip_c31947848.wav,go
clip_c3442408d.wav,go
clip_c34f9ab81.wav,go
clip_c3515c1b3.wav,go
clip_c35cbf526.wav,go
clip_c35e2a3ba.wav,go
clip_c3650157f.wav,go
clip_c390b5260.wav,go
clip_c39d00402.wav,go
clip_c3a73199d.wav,go
clip_c3abab529.wav,go
clip_c3b599682.wav,go
clip_c3d53b8ad.wav,go
clip_c407f5a5d.wav,go
clip_c40ff8719.wav,go
clip_c442805bd.wav,go
clip_c4a9c05aa.wav,go
clip_c4beb48c2.wav,go
clip_c4d62e483.wav,go
clip_c4e62feb1.wav,go
clip_c4efbea81.wav,go
clip_c4faca043.wav,go
clip_c5014c1a3.wav,go
clip_c5202046c.wav,go
clip_c534970f0.wav,go
clip_c53f6b6bd.wav,go
clip_c598fa7d9.wav,go
clip_c59942b91.wav,go
clip_c5d3d8c71.wav,go
clip_c5e5fb0df.wav,go
clip_c608440ab.wav,go
clip_c60b8e5a1.wav,go
clip_c626296ad.wav,go
clip_c629b7d73.wav,go
clip_c635a29fa.wav,go
clip_c659880df.wav,go
clip_c660f92f3.wav,go
clip_c665ce0ef.wav,go
clip_c6872bfcc.wav,go
clip_c693fc3d4.wav,go
clip_c6a1103de.wav,go
clip_c6a31ab3c.wav,go
clip_c6bc61b35.wav,go
clip_c6dcd32cd.wav,go
clip_c6dddf229.wav,go
clip_c70293d36.wav,go
clip_c7208bb59.wav,go
clip_c72ece57f.wav,go
clip_c74b19852.wav,go
clip_c75ef006a.wav,go
clip_c769836f3.wav,go
clip_c76c76438.wav,go
clip_c77543842.wav,go
clip_c7997c30e.wav,go
clip_c7a1e9b48.wav,go
clip_c801248eb.wav,go
clip_c8077f20a.wav,go
clip_c822f3479.wav,go
clip_c825f67d0.wav,go
clip_c8277c18a.wav,go
clip_c82f68f3c.wav,go
clip_c831e3107.wav,go
clip_c83b862b8.wav,go
clip_c8819a4c7.wav,go
clip_c88337599.wav,go
clip_c884e6429.wav,go
clip_c898291dc.wav,go
clip_c899a4a62.wav,go
clip_c8b5d10c1.wav,go
clip_c8e2cdf65.wav,go
clip_c8f7d10d6.wav,go
clip_c9060303b.wav,go
clip_c9075c095.wav,go
clip_c9119d62a.wav,go
clip_c934dd0d5.wav,go
clip_c96bd57e7.wav,go
clip_c998ad8f2.wav,go
clip_c99a99d73.wav,go
clip_c9b43769b.wav,go
clip_c9c2c7d36.wav,go
clip_c9d053055.wav,go
clip_c9d710392.wav,go
clip_ca0d659c6.wav,go
clip_ca1196af0.wav,go
clip_ca178bb83.wav,go
clip_ca4ccc170.wav,go
clip_ca5183add.wav,go
clip_ca536fe9b.wav,go
clip_ca6836409.wav,go
clip_caebf7922.wav,go
clip_caf9eb460.wav,go
clip_cb05fcc86.wav,go
clip_cb3a1d1e4.wav,go
clip_cb67ece2d.wav,go
clip_cb77d87b9.wav,go
clip_cbea6f19b.wav,go
clip_cbf1ec165.wav,go
clip_cc3325993.wav,go
clip_cc34a7f8b.wav,go
clip_cc3b6d9a1.wav,go
clip_ccb9e2960.wav,go
clip_ccdadcd4f.wav,go
clip_cd17eac6b.wav,go
clip_cd1978696.wav,go
clip_cd2c77f52.wav,go
clip_cd61ddd3e.wav,go
clip_cd70e2938.wav,go
clip_cd969d343.wav,go
clip_cda094145.wav,go
clip_cda8532c2.wav,go
clip_cdba2a3c4.wav,go
clip_cde8317b9.wav,go
clip_ce011bd90.wav,go
clip_ce3c3552f.wav,go
clip_ce4427cf8.wav,go
clip_ce4641cdd.wav,go
clip_ce6194fc1.wav,go
clip_ce672c961.wav,go
clip_cedf9d6ad.wav,go
clip_cee6cd36c.wav,go
clip_cf01240d5.wav,go
clip_cf4d6acb2.wav,go
clip_cf56084a2.wav,go
clip_cf990e1b6.wav,go
clip_cfa8522b3.wav,go
clip_cfdb7afc4.wav,go
clip_cfdcff9cf.wav,go
clip_cfe67f2b7.wav,go
clip_cfed98cfd.wav,go
clip_d00ae89e4.wav,go
clip_d0124e588.wav,go
clip_d04df5361.wav,go
clip_d05df03c0.wav,go
clip_d063ba999.wav,go
clip_d0ab665d5.wav,go
clip_d0bc0f1dd.wav,go
clip_d0c3d45da.wav,go
clip_d0c6dc3c3.wav,go
clip_d0e8f5df2.wav,go
clip_d0f0814b0.wav,go
clip_d0fb457ce.wav,go
clip_d11c24cda.wav,go
clip_d120faea1.wav,go
clip_d14d0f914.wav,go
clip_d1504502a.wav,go
clip_d16b7feac.wav,go
clip_d16d48b15.wav,go
clip_d17f5af2d.wav,go
clip_d190b27f5.wav,go
clip_d19b3321b.wav,go
clip_d19c8e3f1.wav,go
clip_d1c4f397a.wav,go
clip_d1cc3419d.wav,go
clip_d20e55c9a.wav,go
clip_d214ad2fb.wav,go
clip_d27a74519.wav,go
clip_d288e61be.wav,go
clip_d292fb578.wav,go
clip_d29faf2e1.wav,go
clip_d2adcc4f2.wav,go
clip_d2c27ceca.wav,go
clip_d2fd0756a.wav,go
clip_d35016684.wav,go
clip_d36009b9c.wav,go
clip_d36983c85.wav,go
clip_d36ffc401.wav,go
clip_d37674a5e.wav,go
clip_d379f6412.wav,go
clip_d3a2e7ce9.wav,go
clip_d3b586a23.wav,go
clip_d3b6760f4.wav,go
clip_d3ff48828.wav,go
clip_d410ccc0b.wav,go
clip_d413ddcb4.wav,go
clip_d44095eb3.wav,go
clip_d47fdc3b7.wav,go
clip_d490ab2fb.wav,go
clip_d4cc34188.wav,go
clip_d4d017dfb.wav,go
clip_d5111e0fe.wav,go
clip_d5188ddd7.wav,go
clip_d51a3abae.wav,go
clip_d52c45deb.wav,go
clip_d54618666.wav,go
clip_d55ac2443.wav,go
clip_d571991d9.wav,go
clip_d57638e33.wav,go
clip_d57cea93a.wav,go
clip_d57e37138.wav,go
clip_d588b484b.wav,go
clip_d588bcbc6.wav,go
clip_d5901315d.wav,go
clip_d5c534491.wav,go
clip_d5c86139f.wav,go
clip_d5efaca80.wav,go
clip_d60e71d0c.wav,go
clip_d61713104.wav,go
clip_d62fec35f.wav,go
clip_d64c7a46c.wav,go
clip_d67b4cca2.wav,go
clip_d68784f0e.wav,go
clip_d6897b355.wav,go
clip_d6bc123a2.wav,go
clip_d7238bb11.wav,go
clip_d75bae766.wav,go
clip_d7664a6e6.wav,go
clip_d78f248f7.wav,go
clip_d7a27ca4c.wav,go
clip_d7ac2769e.wav,go
clip_d7dae1d24.wav,go
clip_d815bdfca.wav,go
clip_d8304858d.wav,go
clip_d8422a6e6.wav,go
clip_d845bb2c2.wav,go
clip_d87271ba2.wav,go
clip_d872b6a58.wav,go
clip_d89bb5a7b.wav,go
clip_d89d19302.wav,go
clip_d8c1c4531.wav,go
clip_d8de16ff6.wav,go
clip_d923ca173.wav,go
clip_d95046ac6.wav,go
clip_d96aad229.wav,go
clip_d97406bc4.wav,go
clip_d9bdef9bf.wav,go
clip_d9fe76b67.wav,go
clip_da23958c5.wav,go
clip_da23ab54b.wav,go
clip_da5454442.wav,go
clip_da6eb949f.wav,go
clip_dad49de18.wav,go
clip_db0871d5c.wav,go
clip_db0c34160.wav,go
clip_db1265708.wav,go
clip_db2a5ee1a.wav,go
clip_db34e6c03.wav,go
clip_db62aa29f.wav,go
clip_db8270ddf.wav,go
clip_db8426f35.wav,go
clip_dbbc58d5d.wav,go
clip_dbd1dde56.wav,go
clip_dc24f0029.wav,go
clip_dc41bfd86.wav,go
clip_dc49d4003.wav,go
clip_dc658ff14.wav,go
clip_dc7934b6d.wav,go
clip_dcd524286.wav,go
clip_dcf6980fb.wav,go
clip_dd2552ea1.wav,go
clip_dd4ca9ee0.wav,go
clip_dd5c0f034.wav,go
clip_dd8ee7513.wav,go
clip_dd9b9d4a1.wav,go
clip_dda366764.wav,go
clip_ddc5e6769.wav,go
clip_dddf600f9.wav,go
clip_dde8f7985.wav,go
clip_ddf4ff987.wav,go
clip_ddf772135.wav,go
clip_de06518af.wav,go
clip_de201e966.wav,go
clip_de258c6f6.wav,go
clip_de6f1ac52.wav,go
clip_de76ce2e6.wav,go
clip_de78acdbb.wav,go
clip_de96c0c62.wav,go
clip_de972a145.wav,go
clip_dec9c5c6f.wav,go
clip_dee3047b8.wav,go
clip_def23855f.wav,go
clip_def92040a.wav,go
clip_defd64c2c.wav,go
clip_df003293b.wav,go
clip_df0bdf1bb.wav,go
clip_df1f51fce.wav,go
clip_df3658829.wav,go
clip_df44cea51.wav,go
clip_dfd45f02b.wav,go
clip_e013ec704.wav,go
clip_e01a7a46f.wav,go
clip_e038378b7.wav,go
clip_e06296062.wav,go
clip_e091a5a57.wav,go
clip_e0974d9e9.wav,go
clip_e0c2f3243.wav,go
clip_e0fd21c2e.wav,go
clip_e10c4b256.wav,go
clip_e135a6266.wav,go
clip_e141405bb.wav,go
clip_e143375a5.wav,go
clip_e16535936.wav,go
clip_e197457f2.wav,go
clip_e1e20efa6.wav,go
clip_e1e55350c.wav,go
clip_e1e73c417.wav,go
clip_e1ecd84e9.wav,go
clip_e20e5bef6.wav,go
clip_e21bfe060.wav,go
clip_e227a0a52.wav,go
clip_e23124c1b.wav,go
clip_e24531bb9.wav,go
clip_e26cfda9b.wav,go
clip_e276d7e6e.wav,go
clip_e2796f89c.wav,go
clip_e2904a1bb.wav,go
clip_e2a15ab99.wav,go
clip_e2b5a78b6.wav,go
clip_e2e58a536.wav,go
clip_e3090fdad.wav,go
clip_e3101fa24.wav,go
clip_e326bf7a2.wav,go
clip_e32c53829.wav,go
clip_e36dd3bd2.wav,go
clip_e390a8512.wav,go
clip_e39e1126b.wav,go
clip_e3a98b0d5.wav,go
clip_e3cd42645.wav,go
clip_e3f4078da.wav,go
clip_e3ff29c1a.wav,go
clip_e400ba2a7.wav,go
clip_e427307df.wav,go
clip_e453730ad.wav,go
clip_e45c76fd3.wav,go
clip_e473e54f7.wav,go
clip_e47ea3a47.wav,go
clip_e4cac2984.wav,go
clip_e4cd8c07f.wav,go
clip_e4d6b9ba1.wav,go
clip_e4f631a61.wav,go
clip_e541c7710.wav,go
clip_e54474eb4.wav,go
clip_e55554bed.wav,go
clip_e55aba0eb.wav,go
clip_e5620e1c8.wav,go
clip_e58c97b06.wav,go
clip_e59be62aa.wav,go
clip_e5b6b97b1.wav,go
clip_e5b7eefb5.wav,go
clip_e5d2c9651.wav,go
clip_e5e92a6fc.wav,go
clip_e5f130373.wav,go
clip_e5f805bb6.wav,go
clip_e603eb8f4.wav,go
clip_e607731f0.wav,go
clip_e60d4f260.wav,go
clip_e6564cbd2.wav,go
clip_e6ad289ef.wav,go
clip_e6b4fe354.wav,go
clip_e6be7a276.wav,go
clip_e6e40a585.wav,go
clip_e6eeea370.wav,go
clip_e70e36e58.wav,go
clip_e716a9fb7.wav,go
clip_e7434ce6e.wav,go
clip_e74987b21.wav,go
clip_e7532a70a.wav,go
clip_e76ac9ca8.wav,go
clip_e777db854.wav,go
clip_e7b04699e.wav,go
clip_e7cc9868f.wav,go
clip_e7d7823ee.wav,go
clip_e7eb6aece.wav,go
clip_e8664f9c4.wav,go
clip_e86833ae0.wav,go
clip_e8691b45f.wav,go
clip_e869dd524.wav,go
clip_e8b887d11.wav,go
clip_e8bd26f12.wav,go
clip_e8e8fa2a7.wav,go
clip_e92befc4b.wav,go
clip_e97428c0f.wav,go
clip_e975bf022.wav,go
clip_e984deaf5.wav,go
clip_e9c4866bb.wav,go
clip_e9f892683.wav,go
clip_ea679cc54.wav,go
clip_ea6ccd834.wav,go
clip_ea7566fb4.wav,go
clip_ea9520c45.wav,go
clip_eaeb7d9f5.wav,go
clip_eb05e6b88.wav,go
clip_eb0c834f4.wav,go
clip_eb241060f.wav,go
clip_eb80f4d66.wav,go
clip_ebb5a5149.wav,go
clip_ebc075eb3.wav,go
clip_ebc79398d.wav,go
clip_ebc7f011f.wav,go
clip_ebcd14ea2.wav,go
clip_ebfcebd16.wav,go
clip_ec0460a3a.wav,go
clip_ec04aeb0a.wav,go
clip_ec0c2e4ce.wav,go
clip_ec148b1e8.wav,go
clip_ec37f09f4.wav,go
clip_ec62b6592.wav,go
clip_ec7562bee.wav,go
clip_ec7c073b6.wav,go
clip_ec97c8a96.wav,go
clip_ecec0a556.wav,go
clip_ecec39afe.wav,go
clip_ed3ed2de3.wav,go
clip_ed4f57254.wav,go
clip_ed6ee18c0.wav,go
clip_ed78bbb86.wav,go
clip_ed8504c4b.wav,go
clip_edbc0c803.wav,go
clip_edbdf72db.wav,go
clip_edd2cccf6.wav,go
clip_ee1190a83.wav,go
clip_ee77449af.wav,go
clip_ee7ff03d0.wav,go
clip_ee8cef447.wav,go
clip_eef79dd1a.wav,go
clip_eefa777e7.wav,go
clip_ef11a4efd.wav,go
clip_ef3532d95.wav,go
clip_ef3653630.wav,go
clip_ef50e5039.wav,go
clip_ef71b303f.wav,go
clip_ef7a27b92.wav,go
clip_ef8a3b364.wav,go
clip_ef93e0bc2.wav,go
clip_efa61c066.wav,go
clip_effd08225.wav,go
clip_f013bd98c.wav,go
clip_f0246da09.wav,go
clip_f0357a610.wav,go
clip_f040fe5ee.wav,go
clip_f0462603b.wav,go
clip_f05c492b8.wav,go
clip_f083e072b.wav,go
clip_f0ab6752a.wav,go
clip_f0b19bcb4.wav,go
clip_f0c4c6b3a.wav,go
clip_f0e573931.wav,go
clip_f101c736d.wav,go
clip_f150fe92f.wav,go
clip_f17079a7a.wav,go
clip_f1a55dc01.wav,go
clip_f1a773126.wav,go
clip_f1b8a8f7c.wav,go
clip_f1ba63fae.wav,go
clip_f2093578a.wav,go
clip_f21f49e71.wav,go
clip_f222805e3.wav,go
clip_f22eb9276.wav,go
clip_f23f9a85a.wav,go
clip_f243885a1.wav,go
clip_f24b9d60c.wav,go
clip_f27467d19.wav,go
clip_f28621fc5.wav,go
clip_f29d9fc57.wav,go
clip_f2c7521ee.wav,go
clip_f349aa84d.wav,go
clip_f3560eff6.wav,go
clip_f3edf2408.wav,go
clip_f3f729016.wav,go
clip_f438ba12d.wav,go
clip_f44771e3a.wav,go
clip_f46f125c5.wav,go
clip_f47b0d5b5.wav,go
clip_f47cf707f.wav,go
clip_f487ca5ed.wav,go
clip_f49391145.wav,go
clip_f4a391345.wav,go
clip_f4a89e600.wav,go
clip_f4e88c4c8.wav,go
clip_f4e949e9a.wav,go
clip_f508efb7e.wav,go
clip_f513e2cb2.wav,go
clip_f5236f14a.wav,go
clip_f523c626f.wav,go
clip_f560d116f.wav,go
clip_f561563a9.wav,go
clip_f5a2ff686.wav,go
clip_f5e70fee7.wav,go
clip_f5e9832ae.wav,go
clip_f6090e268.wav,go
clip_f63d9a85d.wav,go
clip_f64aad45e.wav,go
clip_f6b107ffc.wav,go
clip_f6e74375a.wav,go
clip_f6fcb123f.wav,go
clip_f71626105.wav,go
clip_f73048a63.wav,go
clip_f73b6a290.wav,go
clip_f73efd742.wav,go
clip_f7524c974.wav,go
clip_f75ed2298.wav,go
clip_f794e0e3e.wav,go
clip_f8018dea5.wav,go
clip_f842a16a8.wav,go
clip_f8554412d.wav,go
clip_f866538b2.wav,go
clip_f8756776b.wav,go
clip_f877bc8be.wav,go
clip_f87cace83.wav,go
clip_f8a451e31.wav,go
clip_f8abd153e.wav,go
clip_f8c593061.wav,go
clip_f8c80829c.wav,go
clip_f8d38b85d.wav,go
clip_f941f2a61.wav,go
clip_f94259d81.wav,go
clip_f96326dfa.wav,go
clip_f97599533.wav,go
clip_f9d53322f.wav,go
clip_fa0f5b896.wav,go
clip_fa5b2defc.wav,go
clip_fa665ff01.wav,go
clip_fa9cf0cd1.wav,go
clip_fab242014.wav,go
clip_faeafcf89.wav,go
clip_faed14561.wav,go
clip_fb53d26ec.wav,go
clip_fb64f2a57.wav,go
clip_fb75afff8.wav,go
clip_fb8327110.wav,go
clip_fbe8a0595.wav,go
clip_fc43e9f6c.wav,go
clip_fc530d4b3.wav,go
clip_fc67477f9.wav,go
clip_fc6817275.wav,go
clip_fc7107c8b.wav,go
clip_fc8ac07a9.wav,go
clip_fca56fa72.wav,go
clip_fcee23b21.wav,go
clip_fd5fb7bac.wav,go
clip_fda0994c7.wav,go
clip_fdf764677.wav,go
clip_fdfed6cc1.wav,go
clip_fe1f60f29.wav,go
clip_fe57ef7a2.wav,go
clip_fe5e176b5.wav,go
clip_fe6b15396.wav,go
clip_fe706ebb5.wav,go
clip_fe7f4122e.wav,go
clip_fe89f3ed8.wav,go
clip_fed82ce15.wav,go
clip_fee91a272.wav,go
clip_ff0e2424f.wav,go
clip_ff0ead6da.wav,go
clip_ff5042ea2.wav,go
clip_ff60defdf.wav,go
clip_ffaed7f73.wav,go
clip_ffd960988.wav,go
clip_fff11558d.wav,go
