clip_7fb3ac007.wav,seven
clip_7ed5b20ee.wav,unknown
clip_f5a1b8d44.wav,unknown
clip_a6c31b996.wav,unknown
clip_53e83cc88.wav,unknown
clip_4c09cc5c1.wav,unknown
clip_2e4d824bf.wav,unknown
clip_aaca78b26.wav,unknown
clip_9d97343ee.wav,unknown
clip_286597852.wav,unknown
clip_25ea55613.wav,unknown
clip_586a73c44.wav,seven
clip_dac993c33.wav,zero
clip_7fa5ebd5b.wav,six
clip_3704eb6bf.wav,one
clip_11d7f0fad.wav,dog
clip_55d853704.wav,backward
clip_ef1e0030e.wav,zero
clip_faed55292.wav,zero
clip_68dfc4b4e.wav,unknown
clip_71b4c6085.wav,unknown
clip_c7537b145.wav,unknown
clip_1f183955b.wav,unknown
clip_c67000548.wav,unknown
clip_36e1ca853.wav,unknown
clip_e339c5075.wav,unknown
clip_d51924cae.wav,unknown
clip_91ff71b82.wav,unknown
clip_8891898cf.wav,unknown
clip_80eb5e228.wav,unknown
clip_afcd4f92e.wav,unknown
clip_9d6db2358.wav,unknown
clip_c54c07da7.wav,unknown
clip_e44482467.wav,unknown
clip_871ff86f7.wav,unknown
clip_fb58f4b01.wav,unknown
clip_ac36ae828.wav,unknown
clip_496a89394.wav,unknown
clip_778bec1e7.wav,unknown
clip_68f472a91.wav,unknown
clip_0842dfeb6.wav,unknown
clip_2c9b73f44.wav,unknown
clip_780148199.wav,unknown
clip_1abc656a4.wav,unknown
clip_fbd432e6c.wav,unknown
clip_3b1ee299b.wav,unknown
clip_b9495f70d.wav,unknown
clip_cd788053b.wav,unknown
clip_3b4f44203.wav,unknown
clip_2864a90d6.wav,unknown
clip_3cfbb3c05.wav,unknown
clip_7df03d995.wav,unknown
clip_aab1a33ec.wav,unknown
clip_d214ababc.wav,unknown
clip_44b31cc9d.wav,unknown
clip_6f82349b1.wav,unknown
clip_d6eff45e2.wav,unknown
clip_278fbd9d2.wav,unknown
clip_6bb1bf165.wav,unknown
clip_f1f1a2293.wav,unknown
clip_1ddeabaf2.wav,unknown
clip_cb969d966.wav,unknown
clip_5b46e8990.wav,unknown
clip_5cf214bf1.wav,silence
clip_908f0b31a.wav,unknown
clip_557d54434.wav,unknown
clip_67d6e2d2d.wav,unknown
clip_20a232e5a.wav,unknown
clip_bcccba304.wav,unknown
clip_2157108e3.wav,unknown
clip_7410f2766.wav,unknown
clip_79fc44e5b.wav,unknown
clip_549f2832a.wav,unknown
clip_b079fb6cf.wav,unknown
clip_b04280d6c.wav,unknown
clip_a4eeaef97.wav,unknown
clip_88997bb74.wav,unknown
clip_f8d8efa91.wav,unknown
clip_1486ca4c0.wav,unknown
clip_66aa67d2c.wav,unknown
clip_53cb1076a.wav,unknown
clip_04b2bffda.wav,unknown
clip_63af5b6fe.wav,unknown
clip_5a1c78c2a.wav,unknown
clip_97931953e.wav,unknown
clip_1d6f8d17a.wav,unknown
clip_a1eee7893.wav,unknown
clip_198da3148.wav,unknown
clip_c04467cd3.wav,unknown
clip_742f99920.wav,unknown
clip_6b0b18dea.wav,unknown
clip_987a721c2.wav,unknown
clip_2ede15cd6.wav,unknown
clip_eda77948b.wav,unknown
clip_1871dee1a.wav,unknown
clip_7d98c16cf.wav,unknown
clip_8fae58e3a.wav,unknown
clip_41a2fd6dd.wav,unknown
clip_9eacafaef.wav,unknown
clip_3b6fa87a1.wav,unknown
clip_a514cabfb.wav,unknown
clip_1a1d8aaf7.wav,unknown
clip_ef3c0de34.wav,unknown
clip_6f0921db1.wav,unknown
clip_aae44f11f.wav,unknown
clip_57832fc81.wav,unknown
clip_e2d42b913.wav,unknown
clip_5decb9499.wav,#
clip_52116767d.wav,unknown
clip_a1c687ca4.wav,unknown
clip_6837850ee.wav,unknown
clip_fa1353812.wav,unknown
clip_9dd8b1ce8.wav,unknown
clip_1d416fb9f.wav,unknown
clip_261093eb5.wav,#
clip_0d7a8cdf5.wav,unknown
clip_5dbdad0d0.wav,unknown
clip_8df6fca56.wav,unknown
clip_8c66d8a1b.wav,unknown
clip_c12978655.wav,unknown
clip_c8edfb43f.wav,unknown
clip_89a268114.wav,unknown
clip_b49f80ef2.wav,#
clip_75e17717e.wav,unknown
clip_fd4d21cc6.wav,unknown
clip_c6365ee8f.wav,unknown
clip_13edaeed5.wav,unknown
clip_1ed01755d.wav,unknown
clip_f00650566.wav,unknown
clip_85eba8536.wav,unknown
clip_bbe359cd8.wav,unknown
clip_152905d7b.wav,unknown
clip_f68079c7d.wav,unknown
clip_630cd3659.wav,unknown
clip_0fc8f35dd.wav,unknown
clip_75f1d6ee0.wav,unknown
clip_4000fdfd6.wav,unknown
clip_a2ba4bb55.wav,unknown
clip_373d56cf3.wav,unknown
clip_0d700db77.wav,#
clip_11def919e.wav,unknown
clip_b8bedf039.wav,unknown
clip_4347998dc.wav,unknown
clip_932ce9637.wav,unknown
clip_9fe55239d.wav,unknown
clip_907dd4ec4.wav,unknown
clip_cf54c1df2.wav,unknown
clip_a12907d56.wav,unknown
clip_2bee288d6.wav,unknown
clip_9e644219d.wav,unknown
clip_2828381c7.wav,unknown
clip_9b02d7085.wav,unknown
clip_901c713c8.wav,unknown
clip_ad1b29368.wav,unknown
clip_2f8451070.wav,unknown
clip_5bab4be07.wav,unknown
clip_6f38ef23f.wav,unknown
clip_9417929a3.wav,unknown
clip_d01dc0f80.wav,unknown
clip_cbd44ae6c.wav,unknown
clip_0d8a33e75.wav,unknown
clip_df70215a6.wav,unknown
clip_4caff05e7.wav,unknown
clip_2041dda0e.wav,unknown
clip_d8cfcaf35.wav,unknown
clip_2cbeeddc4.wav,unknown
clip_65aedc72d.wav,unknown
clip_a8b377a93.wav,unknown
clip_846a3f571.wav,unknown
clip_d467126ef.wav,unknown
clip_21e43b300.wav,unknown
clip_b633031bf.wav,unknown
clip_3d39195a2.wav,unknown
clip_aea09fbd1.wav,unknown
clip_cd8a6fe51.wav,unknown
clip_2931e9e77.wav,unknown
clip_814e567f4.wav,unknown
clip_ad76c10a6.wav,unknown
clip_29da94a93.wav,unknown
clip_cf080ee91.wav,unknown
clip_e1035bf32.wav,unknown
clip_bcf14e798.wav,#
clip_4c42ac595.wav,unknown
clip_b67012004.wav,unknown
clip_1cbe07aa9.wav,unknown
clip_c191a5831.wav,unknown
clip_fa5ae6050.wav,unknown
clip_d62e407d0.wav,unknown
clip_454d508ae.wav,unknown
clip_df298fcfa.wav,unknown
clip_63d8444e8.wav,unknown
clip_68a44df70.wav,unknown
clip_16bb46266.wav,unknown
clip_b1f55e965.wav,unknown
clip_6a47ef6ef.wav,unknown
clip_c4784df33.wav,unknown
clip_eb9fc020f.wav,unknown
clip_d46d0d2a6.wav,unknown
clip_92cdf39e4.wav,unknown
clip_739b184b5.wav,unknown
clip_1ab4a45e4.wav,unknown
clip_02ef2d42c.wav,unknown
clip_2b8b1c161.wav,unknown
clip_52ba51771.wav,unknown
clip_4ba6dcd4f.wav,unknown
clip_45b263c2c.wav,unknown
clip_af8e5b580.wav,unknown
clip_5d79efddc.wav,unknown
clip_dd7f5a86f.wav,unknown
clip_a305eba46.wav,unknown
clip_2cab5e51e.wav,unknown
clip_3e2be9d55.wav,unknown
clip_8c1a58642.wav,unknown
clip_584c75fea.wav,unknown
clip_de30e1fc4.wav,unknown
clip_35dd3ff29.wav,unknown
clip_00933e0d3.wav,unknown
clip_50948f68e.wav,unknown
clip_169ae3522.wav,unknown
clip_9f65025ab.wav,unknown
clip_343fdb231.wav,unknown
clip_8087d6878.wav,unknown
clip_975f9afec.wav,unknown
clip_f971a852d.wav,unknown
clip_e5974fd2b.wav,unknown
clip_8d208fe91.wav,unknown
clip_166da723e.wav,unknown
clip_58ca3a615.wav,unknown
clip_80f047a8b.wav,unknown
clip_07bb7d8b7.wav,unknown
clip_71286314c.wav,unknown
clip_56f575fc2.wav,unknown
clip_e5fead93a.wav,unknown
clip_8b2d1dfba.wav,unknown
clip_26b15503b.wav,unknown
clip_e3ab64f24.wav,unknown
clip_747e5c17d.wav,unknown
clip_cc1f4c3b4.wav,unknown
clip_424897b36.wav,unknown
clip_317780195.wav,unknown
clip_8446b4e8e.wav,unknown
clip_ae1591235.wav,unknown
clip_d62c87c0c.wav,unknown
clip_6d278d0cf.wav,unknown
clip_bd1996f59.wav,unknown
clip_dfa9d0a16.wav,unknown
clip_fb94fb5c2.wav,unknown
clip_85c88ec84.wav,unknown
clip_f91666bca.wav,unknown
clip_d6f31e859.wav,unknown
clip_317a3a349.wav,unknown
clip_302d0b89f.wav,unknown
clip_05f965ba9.wav,unknown
clip_0428fda19.wav,unknown
clip_69791fbd8.wav,unknown
clip_a829c06a7.wav,unknown
clip_37f5b82b7.wav,unknown
clip_1918883cb.wav,unknown
clip_62c18d12e.wav,unknown
clip_80e3f6054.wav,unknown
clip_4fbd25c8c.wav,unknown
clip_498f97201.wav,#
clip_2a0a9c6f7.wav,unknown
clip_5dbd3abf6.wav,unknown
clip_67e2c9410.wav,unknown
clip_99826b8b9.wav,unknown
clip_cbef0c70f.wav,unknown
clip_ffac04787.wav,unknown
clip_0d64ad025.wav,unknown
clip_43c6b7df9.wav,unknown
clip_e71488e26.wav,unknown
clip_cfa59c122.wav,unknown
clip_d9ffca766.wav,unknown
clip_c77541dd6.wav,unknown
clip_8e888e8f6.wav,unknown
clip_e0bfbf941.wav,unknown
clip_a7e9d017d.wav,unknown
clip_403abd71b.wav,unknown
clip_47796729f.wav,unknown
clip_298484de6.wav,unknown
clip_d8b2e0cf9.wav,unknown
clip_7d388d1c8.wav,five
clip_a03d4fbc0.wav,unknown
clip_7c256c3b1.wav,unknown
clip_bd234e254.wav,unknown
clip_2fccd4424.wav,unknown
clip_4e482f726.wav,unknown
clip_d0ea1bf41.wav,one
clip_d10d4083d.wav,unknown
clip_ca0510bab.wav,unknown
clip_95796b5d5.wav,unknown
clip_95af8d185.wav,unknown
clip_e5abdc81b.wav,unknown
clip_112e507fa.wav,unknown
clip_d7164c1e6.wav,unknown
clip_f69b3ab22.wav,unknown
clip_e385b348e.wav,unknown
clip_718e07260.wav,unknown
clip_e16ba2cdc.wav,unknown
clip_6eaea6b36.wav,unknown
clip_9c8a2f74a.wav,unknown
clip_6837d6f5c.wav,unknown
clip_764f96567.wav,unknown
clip_89bd35a33.wav,unknown
clip_eb0e76707.wav,unknown
clip_9f43f63cd.wav,unknown
clip_3644c4d09.wav,unknown
clip_5d7a18986.wav,unknown
clip_e2f8f574e.wav,unknown
clip_0291c4814.wav,unknown
clip_d0e06d926.wav,unknown
clip_a451343f6.wav,unknown
clip_a1d08181c.wav,unknown
clip_26feb112c.wav,unknown
clip_72bba3a0d.wav,unknown
clip_6f24f7005.wav,unknown
clip_b031ddf9c.wav,unknown
clip_36602c03a.wav,unknown
clip_5670deb46.wav,unknown
clip_77a46126a.wav,unknown
clip_faf1681d8.wav,unknown
clip_9423a5564.wav,unknown
clip_baea49078.wav,unknown
clip_17d8d8a6c.wav,unknown
clip_0ec4638e1.wav,unknown
clip_065dcab9e.wav,unknown
clip_a5e4dc429.wav,unknown
clip_abf87274b.wav,unknown
clip_6f0d9f57c.wav,#
clip_a66b49664.wav,unknown
clip_a05df84a8.wav,unknown
clip_74d72f0c2.wav,unknown
clip_4eb3f1c3d.wav,unknown
clip_f7306ddf0.wav,unknown
clip_fe910b317.wav,unknown
clip_96f443f66.wav,#
clip_c8844eb31.wav,unknown
clip_402f691da.wav,unknown
clip_909deb52e.wav,unknown
clip_40915d834.wav,unknown
clip_5c01366a0.wav,unknown
clip_0f0590994.wav,unknown
clip_7784e7fad.wav,unknown
clip_a6c588acd.wav,unknown
clip_1d4984d0a.wav,unknown
clip_f00678112.wav,unknown
clip_aee4cb31a.wav,unknown
clip_e3a9e5af3.wav,unknown
clip_2757a5d48.wav,unknown
clip_294e4cefb.wav,unknown
clip_0daa4dec1.wav,unknown
clip_711dff8e0.wav,unknown
clip_7806d0479.wav,unknown
clip_6e0cfd6c9.wav,unknown
clip_9b1d4bebe.wav,unknown
clip_493360b37.wav,unknown
clip_7c6b975ca.wav,unknown
clip_d6d0bc80b.wav,unknown
clip_05ecb6639.wav,unknown
clip_ba6893774.wav,unknown
clip_5fe8b9d8c.wav,unknown
clip_ad89bf131.wav,unknown
clip_2d07f932a.wav,wow
clip_3040dbbbf.wav,one
clip_d085f78bb.wav,five
clip_40d24000b.wav,five
clip_9f4b89370.wav,house
clip_e67570ea2.wav,one
clip_34e6bca1a.wav,four
clip_494b69640.wav,four
clip_24082a8f2.wav,zero
clip_6acc4f4bd.wav,right
clip_a6c9320f3.wav,unknown
clip_d8ff90916.wav,unknown
clip_058ab94e2.wav,unknown
clip_688fe9d86.wav,unknown
clip_0096f80d7.wav,unknown
clip_0ebfd5e32.wav,unknown
clip_226bb9468.wav,unknown
clip_c16059aa8.wav,unknown
clip_6902af506.wav,unknown
clip_0a5576d2f.wav,four
clip_d8540e859.wav,unknown
clip_2f6355784.wav,unknown
clip_d5eb19825.wav,unknown
clip_aa8f95879.wav,unknown
clip_2782ff4fb.wav,unknown
clip_145fb8937.wav,unknown
clip_f35a95e58.wav,unknown
clip_3b4950109.wav,unknown
clip_d8023080d.wav,unknown
clip_982c24ab1.wav,unknown
clip_2041844de.wav,unknown
clip_04c871fa9.wav,unknown
clip_84cf5bb01.wav,unknown
clip_b5fe0fd10.wav,unknown
clip_e1d27d645.wav,unknown
clip_618c72c49.wav,unknown
clip_e93db7209.wav,unknown
clip_af9020172.wav,unknown
clip_995014fbd.wav,unknown
clip_46746e6f7.wav,unknown
clip_8becb407a.wav,unknown
clip_1f0669743.wav,unknown
clip_485c13926.wav,\
clip_86da4483b.wav,unknown
clip_adfd03d7d.wav,unknown
clip_b5c7067dc.wav,unknown
clip_d947cc36b.wav,unknown
clip_e7723a83a.wav,unknown
clip_c90cb45da.wav,unknown
clip_aee1fdfb9.wav,unknown
clip_387916680.wav,unknown
clip_e8ae87871.wav,unknown
clip_b46dc36b6.wav,unknown
clip_8a905ff1c.wav,unknown
clip_4e142684b.wav,unknown
clip_a15082402.wav,unknown
clip_7d14cf15e.wav,unknown
clip_9af5d5df3.wav,unknown
clip_a516b2719.wav,unknown
clip_844ba842f.wav,unknown
clip_776986fb1.wav,unknown
clip_695365ce9.wav,unknown
clip_a7e112156.wav,unknown
clip_4a0cf5b33.wav,unknown
clip_69d8e233b.wav,unknown
clip_ce2500cb1.wav,unknown
clip_26b047638.wav,unknown
clip_0d7218c6a.wav,unknown
clip_86de55021.wav,unknown
clip_d1b382f9f.wav,unknown
clip_8b334ed7c.wav,unknown
clip_e785d0fcb.wav,unknown
clip_98d9e74f9.wav,unknown
clip_52a596b89.wav,unknown
clip_5182de4c1.wav,unknown
clip_6402d8490.wav,unknown
clip_5177c14a4.wav,unknown
clip_8a85e6785.wav,unknown
clip_a71b1f808.wav,unknown
clip_d6f044a48.wav,unknown
clip_dab985706.wav,unknown
clip_9c2301495.wav,unknown
clip_2cc336563.wav,unknown
clip_61ae80b64.wav,unknown
clip_9bb99d2fb.wav,unknown
clip_2c7c49bb4.wav,unknown
clip_7f239eb8d.wav,unknown
clip_8a4f97153.wav,unknown
clip_7c99b4ff8.wav,unknown
clip_53c891deb.wav,unknown
clip_97ee0c158.wav,#
clip_8c2775207.wav,unknown
clip_a24fe55a2.wav,unknown
clip_e4f147e5a.wav,unknown
clip_9fcb1775c.wav,unknown
clip_a857fd929.wav,unknown
clip_e4dc23f58.wav,unknown
clip_f0ebea590.wav,unknown
clip_e9c6dfdbb.wav,unknown
clip_47a042f40.wav,unknown
clip_27248eeb8.wav,unknown
clip_6440d9797.wav,unknown
clip_7621285eb.wav,unknown
clip_72f2d8ce7.wav,unknown
clip_96ba04cb3.wav,unknown
clip_29964f3db.wav,unknown
clip_7305254e3.wav,unknown
clip_6056ff907.wav,unknown
clip_b6e2ad023.wav,unknown
clip_b90b8102e.wav,unknown
clip_4e494bd14.wav,unknown
clip_471329b2a.wav,unknown
clip_7789b90fd.wav,unknown
clip_28becb15b.wav,unknown
clip_1cd02b4c9.wav,unknown
clip_d97273ec8.wav,unknown
clip_3fa6dab5e.wav,unknown
clip_364d471cd.wav,unknown
clip_0a9c798a3.wav,unknown
clip_011225c77.wav,unknown
clip_6832cd667.wav,unknown
clip_5c354a827.wav,#
clip_5441e01ef.wav,#
clip_45b742f04.wav,zero
clip_ff30b2150.wav,two
clip_fcd429eb4.wav,#
clip_9c2d8f9a2.wav,unknown
clip_b198f3439.wav,unknown
clip_cd34f7d8f.wav,unknown
clip_7b2073ae6.wav,unknown
clip_3f6212ba0.wav,yes
clip_062e9660c.wav,unknown
clip_8a93eb575.wav,unknown
clip_048666102.wav,#
clip_3aacfaab0.wav,unknown
clip_6ce4dc497.wav,unknown
clip_e12c646e6.wav,wow
clip_c5fcc0039.wav,\
clip_d524abd2a.wav,unknown
clip_903f893de.wav,unknown
clip_d7f79fb1c.wav,unknown
clip_ec812a26f.wav,unknown
clip_282b1eea8.wav,unknown
clip_e7f27ded9.wav,unknown
clip_ff1a1bbc4.wav,#
clip_eb149e0ab.wav,unknown
clip_00ad8a1b1.wav,unknown
clip_7da956411.wav,unknown
clip_04cbfc35e.wav,unknown
clip_5118b4822.wav,unknown
clip_80748a243.wav,unknown
clip_321b9ff30.wav,unknown
clip_a31a470e4.wav,unknown
clip_557a1d446.wav,unknown
clip_b9f79a4a3.wav,unknown
clip_fb5352eee.wav,unknown
clip_5a722d447.wav,unknown
clip_df003d812.wav,seven
clip_0d3d070fc.wav,unknown
clip_db273b7a9.wav,#
clip_fce2e3042.wav,unknown
clip_eedc9a225.wav,unknown
clip_a854fb25e.wav,unknown
clip_b67559707.wav,unknown
clip_5ace54c39.wav,unknown
clip_b6f787898.wav,unknown
clip_35489810c.wav,unknown
clip_22b272e49.wav,unknown
clip_615b93799.wav,unknown
clip_23aa4b69c.wav,unknown
clip_15ab9a7f1.wav,unknown
clip_3875fa74f.wav,unknown
clip_d783af48f.wav,unknown
clip_5dd2c251f.wav,unknown
clip_f39f78033.wav,unknown
clip_acd534898.wav,unknown
clip_974164a43.wav,unknown
clip_512c11921.wav,unknown
clip_225941db9.wav,unknown
clip_1ecbc9b38.wav,unknown
clip_924a49647.wav,unknown
clip_62eca943e.wav,unknown
clip_76f8d96a4.wav,unknown
clip_d59efa837.wav,unknown
clip_fafd75568.wav,unknown
clip_b8026a854.wav,unknown
clip_400cecc4d.wav,unknown
clip_462bed8a6.wav,unknown
clip_c549319a6.wav,unknown
clip_deed3a36e.wav,unknown
clip_df2e318d0.wav,unknown
clip_f187454b7.wav,yes
clip_87558a3ec.wav,unknown
clip_46da20f71.wav,unknown
clip_70afe317f.wav,zero
clip_41cc00500.wav,unknown
clip_d23b19243.wav,unknown
clip_2195edba1.wav,unknown
clip_963ca296a.wav,unknown
clip_808ca4fcd.wav,unknown
clip_7ed02c78f.wav,unknown
clip_c6d6f7575.wav,unknown
clip_ce73f2851.wav,unknown
clip_b994a4219.wav,unknown
clip_29ec82e9f.wav,unknown
clip_4365f31ca.wav,unknown
clip_a45c75814.wav,right
clip_e4c817065.wav,unknown
clip_857507f65.wav,unknown
clip_02a563ef1.wav,unknown
clip_5abffca60.wav,unknown
clip_15180fa29.wav,unknown
clip_438f77141.wav,unknown
clip_b8344d8b6.wav,unknown
clip_c1322f284.wav,unknown
clip_c66b3ed15.wav,unknown
clip_eef113a73.wav,unknown
clip_771affec2.wav,unknown
clip_d8f49314f.wav,unknown
clip_05705c8cd.wav,unknown
clip_6074d2867.wav,unknown
clip_02ca99f46.wav,unknown
clip_6f1ca6437.wav,unknown
clip_8d5406a4c.wav,unknown
clip_36663d1e9.wav,unknown
clip_75d161699.wav,unknown
clip_e8a0d8e13.wav,unknown
clip_f0ab24d1f.wav,bed
clip_518bdeaf0.wav,unknown
clip_9ea4ca9de.wav,unknown
clip_37c697d86.wav,unknown
clip_94075f6b2.wav,unknown
clip_ecd2e27ea.wav,unknown
clip_8b689bff1.wav,unknown
clip_032510f37.wav,backward
clip_a7575c80a.wav,unknown
clip_6e9d740e2.wav,unknown
clip_d5c16e856.wav,unknown
clip_ad7c976f7.wav,unknown
clip_67d28113a.wav,unknown
clip_8572e71c5.wav,unknown
clip_3abc4affc.wav,unknown
clip_465ad6444.wav,unknown
clip_1c92bdde6.wav,unknown
clip_792fac655.wav,unknown
clip_6aaf3e15a.wav,unknown
clip_633b4656f.wav,unknown
clip_a869c50ef.wav,unknown
clip_c6d7e7bc6.wav,unknown
clip_a61ec381b.wav,unknown
clip_bf5145281.wav,unknown
clip_90e9e16f9.wav,unknown
clip_3211c77b9.wav,unknown
clip_6f8cd0af1.wav,unknown
clip_bf6070421.wav,unknown
clip_6b6e1fdb6.wav,unknown
clip_3071fd409.wav,unknown
clip_aee71e95e.wav,unknown
clip_33ed74238.wav,unknown
clip_117ddb462.wav,unknown
clip_40d4c4a6f.wav,unknown
clip_2e9e2054f.wav,unknown
clip_3067afd7f.wav,unknown
clip_b88f9b721.wav,unknown
clip_33a74e8d3.wav,unknown
clip_9e00aaf69.wav,unknown
clip_68159640f.wav,unknown
clip_1e4083536.wav,unknown
clip_573a0147b.wav,unknown
clip_9e225ad90.wav,unknown
clip_be24a3b09.wav,unknown
clip_329f773b4.wav,unknown
clip_3f4c6a51a.wav,unknown
clip_816ace55a.wav,unknown
clip_0f0371506.wav,unknown
clip_09763661d.wav,unknown
clip_55df8fd56.wav,unknown
clip_e3326242c.wav,unknown
clip_afcb6ade5.wav,unknown
clip_5eda586cb.wav,unknown
clip_a9f125e6e.wav,six
clip_3a0da9634.wav,unknown
clip_d77ac6948.wav,unknown
clip_5e331b749.wav,unknown
clip_d735200c7.wav,unknown
clip_2b1d7df55.wav,unknown
clip_3856ce5ee.wav,unknown
clip_081472f2c.wav,unknown
clip_ec32324dc.wav,unknown
clip_2fcf27acd.wav,unknown
clip_4c064ad92.wav,unknown
clip_8de4dd885.wav,unknown
clip_6a1ae70fa.wav,eight
clip_b885e43fa.wav,unknown
clip_bead8fedf.wav,unknown
clip_fd0127daa.wav,unknown
clip_185895d5d.wav,unknown
clip_4d98de4ae.wav,unknown
clip_7698cdcbe.wav,unknown
clip_36a90b7f2.wav,unknown
clip_63190aa4a.wav,unknown
clip_01b1b0988.wav,unknown
clip_2ff713b87.wav,unknown
clip_034d799aa.wav,unknown
clip_3c66ade92.wav,unknown
clip_21fbb3868.wav,unknown
clip_a02829146.wav,#
clip_32bcc25f7.wav,unknown
clip_75056f0e0.wav,no
clip_8fbf7f306.wav,unknown
clip_3d0d84cc0.wav,no
clip_e06a7aa08.wav,unknown
clip_ebe5bfcca.wav,unknown
clip_94518d833.wav,unknown
clip_62b1ea0f3.wav,unknown
clip_d982edb45.wav,forward
clip_9a657ae1f.wav,unknown
clip_6c9f4a514.wav,unknown
clip_eaca42d05.wav,unknown
clip_0852ed35f.wav,unknown
clip_c30b31605.wav,unknown
clip_0df4e422d.wav,unknown
clip_404ebb317.wav,unknown
clip_ae9440e5c.wav,unknown
clip_cc8cd053a.wav,unknown
clip_952802e6a.wav,unknown
clip_10cacab2f.wav,unknown
clip_6cbdb6775.wav,unknown
clip_be503da0a.wav,unknown
clip_9e61e0fe0.wav,unknown
clip_5c43c387f.wav,unknown
clip_68f62e8e2.wav,unknown
clip_c29f9d191.wav,unknown
clip_81d068942.wav,unknown
clip_921b47f41.wav,unknown
clip_8e685b4ba.wav,unknown
clip_70415ed58.wav,unknown
clip_0778de461.wav,unknown
clip_2d98086e9.wav,unknown
clip_2007d235b.wav,unknown
clip_4b4a85a39.wav,unknown
clip_226a7e8a8.wav,unknown
clip_a3b218a19.wav,unknown
clip_df8f5b333.wav,unknown
clip_74f714ad6.wav,unknown
clip_6d599cdae.wav,unknown
clip_9a7913ec6.wav,unknown
clip_c2f3d6db6.wav,unknown
clip_ec31ff843.wav,unknown
clip_a20855ccc.wav,unknown
clip_20ce8378e.wav,three
clip_bafc6fbb4.wav,unknown
clip_7434996b2.wav,unknown
clip_002814bf3.wav,unknown
clip_b0365671e.wav,unknown
clip_237471535.wav,unknown
clip_b59bf4c69.wav,unknown
clip_f419e470b.wav,unknown
clip_1c74b05fb.wav,unknown
clip_f31cd78ff.wav,unknown
clip_554f7bda5.wav,unknown
clip_bea22cadd.wav,unknown
clip_1bcca74fa.wav,unknown
clip_1e71c3d0c.wav,unknown
clip_3101f9a09.wav,unknown
clip_aa17a6dd1.wav,unknown
clip_029119a63.wav,unknown
clip_68185007e.wav,unknown
clip_4209a51d7.wav,unknown
clip_3e9c7ad24.wav,unknown
clip_5984fa5e1.wav,three
clip_ae3622991.wav,learn
clip_bf2a89547.wav,unknown
clip_47db939be.wav,unknown
clip_636112d4a.wav,unknown
clip_8a0376434.wav,unknown
clip_a6774c6a0.wav,unknown
clip_96d99cb5c.wav,unknown
clip_98389d519.wav,unknown
clip_df53e2f1f.wav,unknown
clip_88744f5e9.wav,unknown
clip_47ba1b222.wav,unknown
clip_6f632b206.wav,unknown
clip_6a4aa7d31.wav,unknown
clip_2ac0b8326.wav,unknown
clip_2609b9c93.wav,unknown
clip_440130b14.wav,unknown
clip_560d41d93.wav,unknown
clip_0975ce1e0.wav,unknown
clip_c54679929.wav,unknown
clip_224202c9c.wav,unknown
clip_8a4248595.wav,unknown
clip_a881477ce.wav,unknown
clip_8ea7ba206.wav,forward
clip_4b16a7294.wav,zero
clip_5f3c0c4ec.wav,unknown
clip_2d57ca7d0.wav,four
clip_154203a2f.wav,unknown
clip_6bc42ed2d.wav,unknown
clip_59b5d0295.wav,unknown
clip_22214907d.wav,unknown
clip_cf7f68d9f.wav,unknown
clip_b365d156a.wav,unknown
clip_43514b672.wav,unknown
clip_bee22af49.wav,unknown
clip_0966cc9c5.wav,unknown
clip_3f0314873.wav,unknown
clip_18c00b459.wav,unknown
clip_044f98d8d.wav,unknown
clip_587f8d5c9.wav,unknown
clip_577a7683f.wav,unknown
clip_e7bde92d8.wav,unknown
clip_35923b727.wav,unknown
clip_f61f82604.wav,unknown
clip_210d5d996.wav,unknown
clip_be879dec0.wav,#
clip_aaebf8a53.wav,unknown
clip_2bdeba291.wav,unknown
clip_018dac8fd.wav,unknown
clip_7007a8bfd.wav,unknown
clip_400ca6b21.wav,unknown
clip_f88c51b2d.wav,unknown
clip_183852df8.wav,unknown
clip_cbf3bf7cf.wav,zero
clip_53575b027.wav,#
clip_47eccfc7a.wav,unknown
clip_13e3d8eeb.wav,zero
clip_e125741f4.wav,unknown
clip_1d0f07588.wav,unknown
clip_596ea0244.wav,unknown
clip_a2abc8737.wav,three
clip_d08e6271d.wav,eight
clip_b2d7387cc.wav,four
clip_bec7ba9b0.wav,two
clip_9aaad0b27.wav,unknown
clip_6503f670e.wav,unknown
clip_d84a021cc.wav,unknown
clip_612d8a004.wav,unknown
clip_b68b020a5.wav,unknown
clip_ee9954137.wav,unknown
clip_f948d7147.wav,unknown
clip_1a0e08bce.wav,unknown
clip_441b3ac50.wav,unknown
clip_84a64f297.wav,unknown
clip_34cc2a978.wav,unknown
clip_99202d305.wav,unknown
clip_2bb18d3cd.wav,unknown
clip_6ab249c3a.wav,unknown
clip_fcfbf3701.wav,unknown
clip_fc579fe97.wav,unknown
clip_49450fa8a.wav,unknown
clip_1c46c3891.wav,unknown
clip_5b9a20f2e.wav,unknown
clip_65192aa22.wav,unknown
clip_99c4ad073.wav,unknown
clip_ba83dc0f8.wav,unknown
clip_74d42c8b2.wav,unknown
clip_084f46231.wav,unknown
clip_15cc8282c.wav,unknown
clip_9bf0f95db.wav,unknown
clip_ed9bb84fd.wav,unknown
clip_c6c2da9a0.wav,unknown
clip_f4cfec730.wav,unknown
clip_e5b735b14.wav,unknown
clip_2cb48169c.wav,unknown
clip_eb35ec604.wav,unknown
clip_197ad2816.wav,unknown
clip_424554aee.wav,unknown
clip_093712fb7.wav,unknown
clip_490febf03.wav,unknown
clip_1e26d657d.wav,unknown
clip_8762f7264.wav,unknown
clip_6b65b9f4a.wav,unknown
clip_f20a1ccd4.wav,unknown
clip_45e845767.wav,unknown
clip_165ef3abf.wav,unknown
clip_3317aacbb.wav,#
clip_b3df2112e.wav,unknown
clip_1857f759a.wav,#
clip_4769bced8.wav,unknown
clip_aa678eff5.wav,unknown
clip_893dc8424.wav,six
clip_d0f7c1e1d.wav,unknown
clip_54a073b13.wav,unknown
clip_98707defe.wav,unknown
clip_b664fee8d.wav,unknown
clip_55433741c.wav,unknown
clip_caa9148e6.wav,unknown
clip_c3eadd9a6.wav,unknown
clip_6fbb94f3f.wav,unknown
clip_1f93a1fc8.wav,unknown
clip_35dd7896d.wav,unknown
clip_30e6fb6d3.wav,unknown
clip_eafe39b6e.wav,unknown
clip_de4a23bd2.wav,unknown
clip_734e37a3e.wav,unknown
clip_a312a9ee4.wav,unknown
clip_81460a2e7.wav,unknown
clip_93225f734.wav,unknown
clip_0aa82d087.wav,silence
clip_f65b90d7f.wav,unknown
clip_f75d07b8f.wav,bird
clip_e8f377bad.wav,unknown
clip_bb5b13b72.wav,wow
clip_4dbfa6cb5.wav,three
clip_20a1ebf36.wav,backward
clip_f9ae52c04.wav,zero
clip_dc8f77e15.wav,six
clip_84759c33f.wav,zero
clip_a83b66fdf.wav,unknown
clip_b8699ba10.wav,unknown
clip_8ad562d42.wav,unknown
clip_96a5d1c89.wav,unknown
clip_e1ae48a5a.wav,unknown
clip_cc3bc4fd2.wav,unknown
clip_b55b202a3.wav,silence
clip_d5d040dde.wav,unknown
clip_a2cce4d40.wav,unknown
clip_1a83988b9.wav,unknown
clip_5d6d56291.wav,unknown
clip_74fa3b75b.wav,unknown
clip_d183c857f.wav,unknown
clip_14d3ca8e9.wav,unknown
clip_96c462de9.wav,unknown
clip_3beb40dbe.wav,unknown
clip_ca19c0251.wav,unknown
clip_cb611ecd1.wav,unknown
clip_8effda6d6.wav,unknown
clip_bbaf52d8d.wav,unknown
clip_ee5847ec7.wav,unknown
clip_bf7e0c2c5.wav,unknown
clip_19800603c.wav,unknown
clip_fbb09b1ee.wav,unknown
clip_3a559e73c.wav,unknown
clip_b204c3c26.wav,eight
clip_4e5a04f52.wav,#
clip_b7532f973.wav,two
clip_ba1e89ce4.wav,unknown
clip_e4ed0b087.wav,unknown
clip_d580a8b1d.wav,unknown
clip_0a03d8b12.wav,unknown
clip_d680d5b58.wav,unknown
clip_a2f40e2fb.wav,unknown
clip_5ed9eaf7c.wav,unknown
clip_07a881b50.wav,unknown
clip_65dbbc13d.wav,unknown
clip_4fe7dfb64.wav,unknown
clip_cf405d826.wav,three
clip_bd3b5150a.wav,unknown
clip_4443b4b43.wav,unknown
clip_b0ab6d62e.wav,#
clip_f75c827a4.wav,bed
clip_63e5863f8.wav,unknown
clip_12a3a4424.wav,unknown
clip_41948322e.wav,unknown
clip_244a172cb.wav,unknown
clip_9318b96cb.wav,unknown
clip_1c4aaf05b.wav,unknown
clip_fa5a1739e.wav,unknown
clip_35b44c189.wav,#
clip_55e844b93.wav,unknown
clip_779f6bf58.wav,house
clip_209b5342d.wav,unknown
clip_b5131d69f.wav,unknown
clip_6331f7524.wav,unknown
clip_4bacde528.wav,unknown
clip_61884c6ec.wav,unknown
clip_a438934d3.wav,unknown
clip_2d8184b61.wav,unknown
clip_92f31fd0d.wav,unknown
clip_0f4884c09.wav,unknown
clip_dec35f5e9.wav,unknown
clip_ceb7ea632.wav,unknown
clip_04c23cbed.wav,unknown
clip_1f4ba8002.wav,unknown
clip_ee36067da.wav,unknown
clip_9c3cfd810.wav,unknown
clip_b8be0a5fb.wav,unknown
clip_462ea89f5.wav,unknown
clip_a19fbc2a8.wav,unknown
clip_482bc5f93.wav,unknown
clip_8796a0cab.wav,unknown
clip_44c3d0420.wav,unknown
clip_5fab19e83.wav,unknown
clip_84f11fbe0.wav,unknown
clip_e7d4ba6cd.wav,unknown
clip_e2d612f4f.wav,unknown
clip_2d7c53706.wav,unknown
clip_cc389dc7f.wav,unknown
clip_0c1a5b96f.wav,unknown
clip_160381ca9.wav,unknown
clip_83c188119.wav,unknown
clip_0da80f1c8.wav,unknown
clip_2148c0c99.wav,unknown
clip_5ecbd29f7.wav,unknown
clip_4a9d19229.wav,unknown
clip_af665bec3.wav,unknown
clip_45c692a42.wav,silence
clip_cf599446b.wav,unknown
clip_74239527e.wav,unknown
clip_447315cdc.wav,unknown
clip_016130911.wav,unknown
clip_d6a54e349.wav,silence
clip_35cc179d3.wav,unknown
clip_739c3049f.wav,unknown
clip_4e42158c1.wav,unknown
clip_a2586391c.wav,unknown
clip_8a65ccb42.wav,unknown
clip_a119acc18.wav,eight
clip_974fe6d9c.wav,unknown
clip_1bdcea54b.wav,unknown
clip_e95c94930.wav,unknown
clip_3ed8cc24c.wav,three
clip_b704b21de.wav,six
clip_34baa2603.wav,unknown
clip_66d3ca9d3.wav,unknown
clip_4e81ef740.wav,unknown
clip_aba656296.wav,unknown
clip_7f7459dbe.wav,stop
clip_87638b611.wav,unknown
clip_848d99f27.wav,unknown
clip_8a53181bb.wav,unknown
clip_61977b641.wav,unknown
clip_ccfad3525.wav,unknown
clip_070fa6537.wav,unknown
clip_44021263b.wav,unknown
clip_6b99d8e3e.wav,unknown
clip_4ccdecd1d.wav,unknown
clip_cb1c45214.wav,unknown
clip_a31d566aa.wav,unknown
clip_d3ae2aad7.wav,unknown
clip_eb297eecf.wav,unknown
clip_8c3b6a206.wav,unknown
clip_764d0407f.wav,unknown
clip_9b03b5d37.wav,unknown
clip_843f1959f.wav,unknown
clip_187ab5ec3.wav,unknown
clip_a88dc5898.wav,unknown
clip_3e1b5ab76.wav,unknown
clip_b40bfabe1.wav,unknown
clip_056c8f3a1.wav,unknown
clip_9beeaa53a.wav,unknown
clip_5ff80f58c.wav,unknown
clip_15167964b.wav,unknown
clip_2baf07e5f.wav,unknown
clip_4c3c59145.wav,unknown
clip_09fd0b8f5.wav,unknown
clip_87435ad64.wav,unknown
clip_7c1d3e8b2.wav,unknown
clip_29a3ad9eb.wav,unknown
clip_8e3abadce.wav,unknown
clip_0ee7ad8ec.wav,unknown
clip_c2c26a960.wav,unknown
clip_dfe776743.wav,stop
clip_14470583a.wav,unknown
clip_b306f502f.wav,unknown
clip_190c74334.wav,unknown
clip_253863f5a.wav,unknown
clip_5acd46d21.wav,unknown
clip_706bdf25d.wav,unknown
clip_7a62baf24.wav,unknown
clip_aa12bcff7.wav,unknown
clip_d46861971.wav,unknown
clip_710849da2.wav,unknown
clip_e3c96e9a4.wav,unknown
clip_4097c5084.wav,unknown
clip_1d327b5a0.wav,#
clip_e7727b07e.wav,unknown
clip_fb88b37a4.wav,unknown
clip_20410853c.wav,unknown
clip_28c1eebba.wav,unknown
clip_30cc0ebdf.wav,unknown
clip_bce98c695.wav,unknown
clip_5076f2617.wav,unknown
clip_d2ee56f59.wav,unknown
clip_9f649064c.wav,unknown
clip_f8d546519.wav,unknown
clip_e08edcca8.wav,unknown
clip_41e908df7.wav,unknown
clip_b4f358360.wav,unknown
clip_2a75c266d.wav,forward
clip_29c8ba17a.wav,forward
clip_379e518e0.wav,#
clip_478e099db.wav,unknown
clip_eabf88e23.wav,unknown
clip_a41395084.wav,unknown
clip_a0153401f.wav,unknown
clip_7f8ecdbd8.wav,unknown
clip_c940361ec.wav,unknown
clip_f0b9a0c48.wav,unknown
clip_1b68e752a.wav,unknown
clip_9d74256aa.wav,unknown
clip_8f3289c3b.wav,unknown
clip_6a9971cfb.wav,unknown
clip_3d11d5d9d.wav,four
clip_083966a40.wav,unknown
clip_35c4e0212.wav,unknown
clip_23416c502.wav,unknown
clip_a9419ad0e.wav,unknown
clip_a5c2633e7.wav,unknown
clip_9c1ffb90e.wav,#
clip_0349c6327.wav,unknown
clip_6898aca3d.wav,unknown
clip_1f813ea7e.wav,unknown
clip_7bcbb5502.wav,unknown
clip_f9533b080.wav,unknown
clip_4269d8c63.wav,unknown
clip_a2ee9c420.wav,unknown
clip_1574ae2e8.wav,unknown
clip_c8a493ee5.wav,unknown
clip_a4de3bfd2.wav,unknown
clip_7acee6003.wav,unknown
clip_30952f3ca.wav,stop
clip_febd8b98e.wav,unknown
clip_869090eef.wav,unknown
clip_ab15f30cd.wav,unknown
