748cb308_nohash_0.wav,well
3c6d55b3_nohash_0.wav,woww
d91a159e_nohash_0.wav,wo
5e1b34a6_nohash_0.wav,ww
e41e41f7_nohash_1.wav,wo
b71ebf79_nohash_0.wav,wo
5f47fdf9_nohash_2.wav,ow
f0edc767_nohash_0.wav,wo
44260689_nohash_0.wav,flo
3d53244b_nohash_0.wav,wo
5e3b7a84_nohash_1.wav,wol
c25a032b_nohash_0.wav,wer
b21f0fa4_nohash_1.wav,wiw
61bcb275_nohash_0.wav,whiw
eb6dab4a_nohash_3.wav,ow
e0322f2c_nohash_0.wav,wo
f9bdf10e_nohash_1.wav,wol
1c6e5447_nohash_0.wav,wil
7cb5c0b7_nohash_0.wav,woll
327289eb_nohash_1.wav,wo
c6ca5d01_nohash_0.wav,wo
b544d4fd_nohash_1.wav,wil
65079685_nohash_0.wav,whil
05cf43ef_nohash_0.wav,wol
0cd323ec_nohash_0.wav,wil
39ec87ac_nohash_3.wav,wole
f297e878_nohash_0.wav,wo
cc6ee39b_nohash_0.wav,w
479e64cc_nohash_1.wav,wow
824e8ce5_nohash_2.wav,hile
41474817_nohash_0.wav,wo
facd97c0_nohash_0.wav,lie
43b85b64_nohash_1.wav,o
ff21fb59_nohash_0.wav,wo
ac652c60_nohash_0.wav,wo
172dc2b0_nohash_0.wav,wol
c38720cb_nohash_0.wav,wo
016e2c6d_nohash_0.wav,wi
a6d586b7_nohash_0.wav,wi
dea820ce_nohash_0.wav,wol
e7d0eb3f_nohash_0.wav,wel
10627519_nohash_0.wav,wol
9f869f70_nohash_0.wav,wil
53578f4e_nohash_0.wav,wo
ad63d93c_nohash_0.wav,wale
e4a2cf79_nohash_0.wav,wol
890e4ee2_nohash_1.wav,wo
cae62f38_nohash_0.wav,wow
0f7dc557_nohash_0.wav,wile
7e556a2c_nohash_0.wav,wo
512dc91a_nohash_0.wav,wile
b84f83d2_nohash_1.wav,wel
fde2dee7_nohash_0.wav,well
dc6e9c04_nohash_0.wav,whil
f5d09ebd_nohash_0.wav,ow
fd32732a_nohash_1.wav,wale
44dad20e_nohash_1.wav,wo
24befdb3_nohash_0.wav, well
173e6bbf_nohash_1.wav,wow
3143fdff_nohash_0.wav,wo
5f1b1051_nohash_0.wav,well
6846af18_nohash_0.wav,wol
f9af0887_nohash_1.wav,well
8d4cdc60_nohash_1.wav,well
48a8a69d_nohash_0.wav,o
857366dd_nohash_0.wav,while
6727b579_nohash_0.wav,wil
2151b09a_nohash_0.wav,ww
d874a786_nohash_0.wav,whild
9385508d_nohash_0.wav,o oa
18a8f03f_nohash_1.wav,wol
97f493b9_nohash_0.wav,wel
6071a214_nohash_0.wav,hol
68effe85_nohash_1.wav,well
6d0ad764_nohash_1.wav,well
553f1a79_nohash_0.wav,ww
5db0e146_nohash_0.wav,wole
4a803e67_nohash_1.wav,ow
67961766_nohash_0.wav,wo
ff21fb59_nohash_1.wav,wo
4abefdf5_nohash_0.wav,o
c3538de1_nohash_1.wav,wile
126403d4_nohash_1.wav,well
34ba417a_nohash_0.wav,whow
a591c2ea_nohash_0.wav,
beb49c22_nohash_0.wav,wel
fc94edb0_nohash_0.wav,wo
56cd307a_nohash_0.wav,wwell
b3849d6e_nohash_0.wav,wo
01bb6a2a_nohash_0.wav,wel
3402e488_nohash_0.wav,lo
b46e8153_nohash_1.wav,owl
b26343e9_nohash_0.wav,wo
49af4432_nohash_0.wav,wo
bd2db1a5_nohash_0.wav,wo
a4e8a997_nohash_0.wav,we
179a61b7_nohash_0.wav,wel
283d7a53_nohash_0.wav,whil
67fcdb05_nohash_0.wav,wow
1a9afd33_nohash_0.wav,wi
095847e4_nohash_1.wav,who
3477fab6_nohash_0.wav,wo
8601f33b_nohash_0.wav,wol
86b89661_nohash_0.wav,whil
66cff190_nohash_1.wav,wel
c634a189_nohash_0.wav,while
7d5f87c8_nohash_0.wav,wil
dc2222d7_nohash_0.wav,wow
96a48d28_nohash_0.wav,wew
fcb25a78_nohash_0.wav,wel
c44d2a58_nohash_0.wav,wi
da4ef063_nohash_0.wav,wo
73dda36a_nohash_2.wav,wol
cd8b1781_nohash_0.wav,welle
20d3f11f_nohash_0.wav,well
9e6bb505_nohash_1.wav,wele
1890e5c3_nohash_0.wav,whal
46a153d8_nohash_0.wav,e
1993db46_nohash_0.wav,wel
5f8e50a0_nohash_0.wav,woll
3c8dc702_nohash_0.wav,wow
5744b6a7_nohash_1.wav,while
e14d3db8_nohash_0.wav,wo
e48a80ed_nohash_0.wav,o
fb24c826_nohash_0.wav,wo
43691f67_nohash_2.wav,wil
c5570933_nohash_0.wav,wol
c8db14a8_nohash_0.wav,wua
80f056c0_nohash_1.wav,whow
a8cb6dda_nohash_0.wav,wo
462e1919_nohash_0.wav,i
004ae714_nohash_0.wav,wole
977a3be4_nohash_1.wav,whi
b7016c27_nohash_2.wav,whi
d4d898d7_nohash_0.wav,wil
c5c60d8d_nohash_0.wav,wol
b1114e4f_nohash_0.wav,wih
9f7079fe_nohash_0.wav,wol
8b39e36f_nohash_0.wav,wol
86402da1_nohash_1.wav,o
34263ab3_nohash_0.wav,wo
0d53e045_nohash_0.wav,o
3411cf4b_nohash_1.wav,whil
538e1856_nohash_0.wav,wie
437455be_nohash_0.wav,wol
2bd2cad5_nohash_0.wav,well
78884794_nohash_0.wav,wo
ce9410da_nohash_0.wav,wow
d5ca80c6_nohash_0.wav,wel
f804cbb3_nohash_0.wav,ww
257e17e0_nohash_4.wav,wiw
f47d644e_nohash_0.wav,to
9a356ab9_nohash_0.wav,ow
6e74c582_nohash_1.wav,wel
3c1e12cf_nohash_0.wav,whil
d1214f15_nohash_0.wav,wel
5e1b34a6_nohash_2.wav,wel
460f2bad_nohash_0.wav,wole
324210dd_nohash_1.wav,well
016e2c6d_nohash_1.wav,whi
65d844fc_nohash_1.wav,wol
62581901_nohash_0.wav,whi
6078eb0d_nohash_0.wav,why
fe291fa9_nohash_0.wav,wo
5f47fdf9_nohash_1.wav,wil
cd8b1781_nohash_1.wav,wol
76424fa5_nohash_0.wav,o
f9f9751d_nohash_0.wav,whil he
93f30cc4_nohash_3.wav,well
b6091c84_nohash_0.wav,wow
d94eb94f_nohash_1.wav,wo
18c54a68_nohash_1.wav,woww
6272b231_nohash_0.wav,wol
3c6d55b3_nohash_1.wav,lo
d8ed3745_nohash_0.wav,wil
55d3725a_nohash_0.wav,wo
1cbcc7a7_nohash_0.wav,wil
ece1a95a_nohash_0.wav,whil
b46e8153_nohash_0.wav,wol
a996cf66_nohash_0.wav,while
d3a18257_nohash_0.wav,wow
dca6b373_nohash_0.wav,o
c1e0e8e3_nohash_0.wav,ol
21e8c417_nohash_1.wav,wa
e98cb283_nohash_0.wav,whil
